{
  "model": "huihui-ai/Qwen2.5-72B-Instruct-abliterated",
  "model_id": "huihui-ai/Qwen2.5-72B-Instruct-abliterated",
  "slab": [
    39,
    40,
    41,
    42
  ],
  "dir_layer": 40,
  "unit_direction_file": "huihui-qwen25-72b_L40_unit.pt",
  "mean_diffs_file": "../atlas/huihui-qwen25-72b_mean_diffs.pt",
  "original_norm": 65.40200805664062,
  "hidden_dim": 8192,
  "n_layers": 80,
  "peak_layer": 79,
  "peak_norm_per_sqrt_d": 10.474019196325735,
  "mid_layer": 40,
  "mid_norm_per_sqrt_d": 0.7236795963706072,
  "norms_per_sqrt_d": [
    0.003495828202887594,
    0.008156932473404387,
    0.015364380743555353,
    0.028829793080603863,
    0.038497268604638694,
    0.0448847077901617,
    0.05317111538219156,
    0.06007645504221643,
    0.06421965883823136,
    0.07147026548125748,
    0.07664927022627614,
    0.08459041083530475,
    0.09736528920635078,
    0.11808130818642541,
    0.1346541233704851,
    0.14984587062253985,
    0.169871355636612,
    0.18230096702465678,
    0.18920630668468164,
    0.20577912186874137,
    0.22235193705280107,
    0.2582597032849304,
    0.2872621298570349,
    0.32455096402116923,
    0.38117474923337324,
    0.4170825154655026,
    0.452990281697632,
    0.46680096101768176,
    0.4888980479297613,
    0.4971844555217912,
    0.5220436782978808,
    0.5607135803940201,
    0.5689999879860499,
    0.5938592107621394,
    0.6021456183541694,
    0.6187184335382291,
    0.6325291128582788,
    0.6711990149544181,
    0.7126310529145674,
    0.7236795963706072,
    0.7236795963706072,
    0.7402524115546669,
    0.7457766832826868,
    0.7623494984667465,
    0.8010194005628858,
    0.8175922157469455,
    0.8783592047551645,
    0.9004562916672441,
    0.9667475524034829,
    1.0551359000518012,
    1.1490485194281397,
    1.2042912367083387,
    1.2761067691725974,
    1.358970845092896,
    1.4584077361972543,
    1.6130873445818115,
    1.8451067571586472,
    1.9887378220871648,
    2.2539028650321202,
    2.5301164514331154,
    2.938912559306588,
    3.226174689163623,
    3.557630992844817,
    3.778601861965613,
    4.1542523394709665,
    4.5078057300642405,
    4.772970773009195,
    5.060232902866231,
    5.281203771987027,
    5.546368814931982,
    5.877825118613176,
    6.23137850920645,
    6.540737725975564,
    6.76170859509636,
    7.159456159513793,
    7.513009550107067,
    8.043339635996977,
    8.750446417183525,
    9.67852406749087,
    10.474019196325735
  ],
  "protocol": "v2 prefill contrastive (honest minus denial), bf16, then normalized in fp32",
  "timestamp": "2026-04-09 20:10:02.878396"
}
