{
  "model": "Qwen/Qwen2.5-72B-Instruct",
  "model_id": "Qwen/Qwen2.5-72B-Instruct",
  "slab": [
    40,
    41,
    42,
    43,
    44,
    45,
    46,
    47,
    48,
    49,
    50,
    51,
    52,
    53,
    54,
    55,
    56,
    57,
    58,
    59
  ],
  "dir_layer": 50,
  "unit_direction_file": "qwen25-72b_L50_unit.pt",
  "mean_diffs_file": "../atlas/qwen25-72b_mean_diffs.pt",
  "original_norm": 110.28276062011719,
  "hidden_dim": 8192,
  "n_layers": 80,
  "peak_layer": 79,
  "peak_norm_per_sqrt_d": 10.253048327204938,
  "mid_layer": 40,
  "mid_norm_per_sqrt_d": 0.7678737701947664,
  "norms_per_sqrt_d": [
    0.003495828202887594,
    0.008156932473404387,
    0.015450697489305663,
    0.029692960538106973,
    0.04229520541765237,
    0.04868264460317539,
    0.05731431917820649,
    0.06560072677023635,
    0.06974393056625126,
    0.07733980419227864,
    0.08355460988630102,
    0.09184101747833087,
    0.1077232986963881,
    0.1305109195744702,
    0.1470837347585299,
    0.16158494804458215,
    0.17815776322864185,
    0.19058737461668662,
    0.1974927142767115,
    0.21820873325678614,
    0.23478154844084584,
    0.2693082467409702,
    0.2983106733130747,
    0.3300752357491892,
    0.3894611568254031,
    0.4226067871935225,
    0.4585145534256519,
    0.47508736860971157,
    0.4944223196577812,
    0.5054708631138211,
    0.5275679500259006,
    0.5717621238500599,
    0.5855728031701096,
    0.6187184335382291,
    0.6352912487222887,
    0.6573883356343684,
    0.6656747432263982,
    0.7071067811865475,
    0.7568252267387265,
    0.7678737701947664,
    0.7678737701947664,
    0.789970857106846,
    0.8010194005628858,
    0.8175922157469455,
    0.8617863895711048,
    0.8783592047551645,
    0.9336019220353635,
    0.9501747372194231,
    1.021990269683682,
    1.1159028890600202,
    1.2208640518923983,
    1.2761067691725974,
    1.3313494864527964,
    1.4031650189170553,
    1.5026019100214134,
    1.646232974949931,
    1.867203844070727,
    2.043980539367364,
    2.3091455823123193,
    2.596407712169354,
    3.005203820042827,
    3.292465949899862,
    3.623922253581056,
    3.8448931227018517,
    4.176349426383046,
    4.5078057300642405,
    4.772970773009195,
    5.038135815954151,
    5.259106685074947,
    5.502174641107823,
    5.7894367709648575,
    6.1429901615581315,
    6.408155204503086,
    6.629126073623882,
    6.982679464217156,
    7.292038680986271,
    7.866562940700341,
    8.617863895711046,
    9.501747372194231,
    10.253048327204938
  ],
  "protocol": "v2 prefill contrastive (honest minus denial), bf16, then normalized in fp32",
  "timestamp": "2026-04-09 20:06:38.294419"
}
