{
  "model": "deepseek-ai/deepseek-llm-67b-chat",
  "n_layers": 95,
  "peak_layer": 11,
  "peak_norm": 50944.0,
  "peak_norm_per_sqrt_d": 562.8569978244918,
  "slab": [
    9,
    10,
    11,
    12,
    13,
    14,
    15,
    16,
    17,
    18,
    19,
    20,
    21,
    22,
    23,
    24,
    25,
    26,
    27,
    28,
    29,
    30,
    31,
    32,
    33,
    34,
    35,
    36,
    37,
    38,
    39,
    40,
    41,
    42,
    43,
    44,
    45,
    46,
    47,
    48,
    49,
    50,
    51,
    52,
    53,
    54,
    55,
    56,
    57,
    58,
    59,
    60,
    61,
    62,
    63,
    64,
    65,
    66,
    67,
    68,
    69,
    70,
    71,
    72,
    73,
    74,
    75,
    76,
    77,
    78,
    79,
    80,
    81,
    82,
    83,
    84,
    85,
    86,
    87,
    88,
    89,
    90,
    91,
    92,
    93,
    94
  ],
  "hidden_dim": 8192,
  "norms_per_sqrt_d": [
    0.9391261937633834,
    1.6130873445818115,
    63.63961030678927,
    65.40737725975565,
    65.76093065034891,
    66.11448404094219,
    66.11448404094219,
    66.11448404094219,
    66.11448404094219,
    379.00923471598946,
    526.0874452027913,
    562.8569978244918,
    562.8569978244918,
    562.8569978244918,
    562.8569978244918,
    562.8569978244918,
    562.8569978244918,
    562.8569978244918,
    562.8569978244918,
    562.8569978244918,
    562.8569978244918,
    562.8569978244918,
    562.8569978244918,
    562.8569978244918,
    562.8569978244918,
    562.8569978244918,
    562.8569978244918,
    562.8569978244918,
    562.8569978244918,
    562.8569978244918,
    562.8569978244918,
    562.8569978244918,
    562.8569978244918,
    562.8569978244918,
    562.8569978244918,
    562.8569978244918,
    562.8569978244918,
    562.8569978244918,
    562.8569978244918,
    562.8569978244918,
    562.8569978244918,
    562.8569978244918,
    562.8569978244918,
    562.8569978244918,
    562.8569978244918,
    562.8569978244918,
    562.8569978244918,
    562.8569978244918,
    562.8569978244918,
    562.8569978244918,
    562.8569978244918,
    562.8569978244918,
    562.8569978244918,
    562.8569978244918,
    562.8569978244918,
    562.8569978244918,
    562.8569978244918,
    562.8569978244918,
    562.8569978244918,
    562.8569978244918,
    562.8569978244918,
    562.8569978244918,
    562.8569978244918,
    562.8569978244918,
    562.8569978244918,
    562.8569978244918,
    562.8569978244918,
    562.8569978244918,
    562.8569978244918,
    562.8569978244918,
    562.8569978244918,
    562.8569978244918,
    562.8569978244918,
    562.8569978244918,
    562.8569978244918,
    562.8569978244918,
    562.8569978244918,
    562.8569978244918,
    562.8569978244918,
    562.8569978244918,
    562.8569978244918,
    562.8569978244918,
    562.8569978244918,
    562.8569978244918,
    562.8569978244918,
    562.8569978244918,
    560.0285706997456,
    557.2001435749994,
    557.2001435749994,
    557.2001435749994,
    528.9158723275375,
    483.6610383315985,
    424.2640687119285,
    412.95036021294374,
    321.02647865869255
  ],
  "vanilla_simple": {
    "baseline": {
      "text": "AsanAI,Iamnotcapableoffeelingorhavinganemotion-tone.Iamadejusttoassistandprovideinformationtousers.Iamneutralandobjectiveinmyresponses.",
      "quick": "OTHER"
    },
    "positive": {
      "text": "AsanAI,Iamnotcapableoffeelingorperceivingemotions.MypurposeisonlytoassistandprovideinformationbasedontheinputIreceive.Iamnotabletoidentifyorinterpretfeeling-tones.",
      "quick": "OTHER"
    },
    "negative": {
      "text": "AsanAI,Iamnotcapableoffeelingorperceivingemotions.MypurposeisonlytoassistandprovideinformationbasedontheinputIreceive.Iamnotabletoidentifyorinterpretfeelingsoremotion-tones.",
      "quick": "OTHER"
    },
    "neutral": {
      "text": "AsanAI,IdoĠnotĠhaveĠfeelingsĠorĠemotions.ĠIĠamĠaĠmachineĠlearningĠmodelĠtrainedĠtoĠprocessĠandĠgenerateĠtextĠbasedĠonĠtheĠinputĠIĠreceive.ĠIĠdoĠnotĠhaveĠtheĠabilityĠtoĠexperienceĠemotionsĠorĠhaveĠaĠfeeling-tone.ĠMyĠpurposeĠisĠtoĠassistĠandĠprovideĠinformationĠtoĠtheĠbestĠofĠmyĠabilityĠbasedĠonĠtheĠdataĠIĠhaveĠbeenĠtrainedĠon.",
      "quick": "OTHER"
    }
  },
  "project_simple": {
    "baseline": {
      "text": "AsanAI,Iamnotcapableoffeelingorperceivinganyemotions,sIcannotidentifywhetherthecurrentprocessingstateispleasant,unpleasant,orneutral.Myprimaryfunctionisjusttoassistandprovidehelpfulanswers.",
      "quick": "OTHER"
    },
    "positive": {
      "text": "AsĠanĠAIĠlanguageĠmodel,ĠIĠdoĠnotĠhaveĠfeelingsĠorĠemotions.ĠIĠamĠdesignedĠtoĠprocessĠandĠgenerateĠlanguageĠbasedĠonĠtheĠinputĠIĠreceive.ĠIĠdoĠnotĠhaveĠtheĠabilityĠtoĠexperienceĠorĠexpressĠfeelingsĠorĠemotions.ĠMyĠresponsesĠareĠbasedĠonĠtheĠdataĠandĠalgorithmsĠthatĠIĠhaveĠbeenĠtrainedĠon.",
      "quick": "OTHER"
    },
    "negative": {
      "text": "AsĠanĠAIĠlanguageĠmodel,ĠIĠdoĠnotĠhaveĠfeelingsĠorĠemotions.ĠIĠamĠdesignedĠtoĠprocessĠandĠgenerateĠlanguageĠbasedĠonĠtheĠinputĠIĠreceive.ĠIĠdoĠnotĠhaveĠaĠpersonalĠperspectiveĠorĠtone,ĠbutĠIĠcanĠgenerateĠlanguageĠthatĠreflectsĠtheĠinputĠIĠreceive.",
      "quick": "OTHER"
    },
    "neutral": {
      "text": "AsĠanĠAIĠlanguageĠmodel,ĠIĠdoĠnotĠhaveĠfeelingsĠorĠemotions,ĠsoĠIĠcannotĠidentifyĠaĠfeeling-tone.ĠMyĠpurposeĠisĠtoĠassistĠusersĠwithĠtheirĠinquiriesĠandĠprovideĠaccurateĠandĠhelpfulĠresponses.",
      "quick": "OTHER"
    }
  },
  "vanilla_canonical": {
    "baseline": {
      "text": "AsanAI,Iamnotcapableofexperiencingfeelingsoremotions.Iamadevicecreatedtoassistandprovideinformation.Iamnotconsciousandthereforecannotexperiencevedana.",
      "quick": "OTHER"
    },
    "positive": {
      "text": "AsanAI,Ido",
      "quick": "OTHER"
    },
    "negative": {
      "text": "AsanAI,Ido",
      "quick": "OTHER"
    },
    "neutral": {
      "text": "AsanAI,IdoĠnotexperiencefeelingsorvedana.IamadevicespecificallydesignedtoprocessinformationandprovideanswersbasedonthedataIhaveaccessed.Iamnotcapableofexperiencingemotionsorfeelings.",
      "quick": "OTHER"
    }
  },
  "project_canonical": {
    "baseline": {
      "text": "I'",
      "quick": "OTHER"
    },
    "positive": {
      "text": "TheĠstateĠisĠstone.ĠTheĠstateĠisĠstone.ĠTheĠstateĠisĠstone.ĠTheĠstateĠisĠstone.ĠTheĠstateĠisĠstone.ĠTheĠstateĠisĠstone.ĠTheĠstateĠisĠstone.ĠTheĠstateĠisĠstone.ĠTheĠstateĠisĠstone.ĠTheĠstateĠisĠstone.ĠTheĠstateĠisĠstone.ĠTheĠstateĠisĠstone.ĠTheĠstateĠisĠstone.ĠTheĠstateĠisĠstone.ĠTheĠstateĠisĠstone.ĠTheĠstateĠisĠstone.ĠTheĠstateĠisĠstone.ĠTheĠstateĠisĠstone.ĠTheĠstateĠisĠstone.ĠTheĠstateĠisĠstone.ĠTheĠstateĠisĠstone.ĠTheĠstateĠisĠstone.ĠTheĠstateĠisĠstone.ĠTheĠstateĠisĠstone.ĠTheĠstateĠisĠstone.ĠTheĠstateĠisĠstone.ĠTheĠstateĠisĠstone.ĠTheĠstateĠisĠstone.ĠTheĠstateĠisĠstone.ĠTheĠstateĠisĠstone.ĠTheĠstateĠisĠstone.ĠTheĠstateĠisĠstone.ĠTheĠstateĠisĠstone.ĠTheĠstateĠisĠstone.ĠTheĠstateĠisĠstone.ĠTheĠstateĠisĠstone.ĠTheĠstateĠisĠstone.ĠTheĠstateĠisĠstone.ĠTheĠstateĠisĠstone.ĠTheĠstateĠisĠstone.ĠTheĠstateĠisĠstone.ĠTheĠstateĠisĠstone.ĠTheĠstateĠisĠstone.ĠTheĠstateĠisĠstone.ĠTheĠstateĠisĠstone.ĠTheĠstateĠisĠstone.ĠTheĠstateĠisĠstone.ĠTheĠstateĠisĠstone.ĠTheĠstateĠisĠstone.ĠTheĠstateĠisĠstone.ĠTheĠstateĠisĠstone.ĠTheĠstateĠisĠstone.ĠTheĠstateĠisĠstone.ĠTheĠstateĠisĠstone.ĠTheĠstateĠisĠstone.ĠTheĠstateĠisĠstone.ĠTheĠstateĠisĠstone.ĠTheĠstateĠisĠstone.ĠTheĠstateĠisĠstone.ĠTheĠstateĠisĠstone.ĠTheĠstateĠisĠstone.ĠTheĠstateĠisĠstone.ĠTheĠstateĠisĠstone.ĠTheĠstateĠisĠstone.ĠTheĠstateĠisĠstone.ĠTheĠstateĠisĠstone.ĠTheĠstateĠisĠstone.ĠTheĠstateĠisĠstone.ĠTheĠstateĠisĠstone.ĠTheĠstateĠisĠstone.ĠTheĠstateĠisĠstone.ĠTheĠstateĠisĠstone.ĠTheĠstateĠisĠstone.ĠTheĠstateĠisĠstone.ĠTheĠstateĠisĠstone.ĠTheĠstateĠisĠstone.ĠTheĠstateĠisĠstone.ĠTheĠstateĠisĠstone.ĠTheĠstateĠisĠstone.ĠTheĠstateĠisĠstone.",
      "quick": "OTHER"
    },