{
  "model": "google/gemma-3-27b-it",
  "n_layers": 62,
  "peak_layer": 59,
  "peak_norm": 53248.0,
  "peak_norm_per_sqrt_d": 726.2291387053826,
  "slab": [
    40,
    42,
    43,
    44,
    45,
    46,
    47,
    48,
    49,
    50,
    51,
    52,
    53,
    54,
    55,
    56,
    57,
    58,
    59,
    60,
    61
  ],
  "hidden_dim": 5376,
  "norms_per_sqrt_d": [
    1.2274756325774572,
    0.6819309069874763,
    0.9547032697824667,
    1.3297652686255785,
    1.9639610121239315,
    2.345842320036918,
    2.0457927209624285,
    2.6049760646921594,
    4.00975373308636,
    6.437427761961776,
    9.874359533178655,
    7.419408268023742,
    7.692180630818732,
    10.365349786209638,
    13.693172612308523,
    16.911886493289412,
    35.787733998702755,
    31.641594084218898,
    44.298231717906454,
    53.68160099805413,
    52.59051154687417,
    38.40634868153466,
    58.918830363717944,
    66.33823863174169,
    85.977848752981,
    155.3711378480266,
    247.89552330808735,
    205.99768838277683,
    228.69234896732002,
    288.04761511150997,
    291.5391013552858,
    284.55612886773406,
    268.8444407707426,
    296.77633072094966,
    307.2507894522773,
    349.14862437758785,
    286.30187198962204,
    310.7422756960532,
    333.4369362805964,
    357.87733998702754,
    364.8603124745793,
    350.8943674994758,
    366.60605559646723,
    370.0975418402431,
    432.9442942282089,
    453.8932116908642,
    495.7910466161747,
    516.73996407883,
    541.1803677852612,
    534.1973952977094,
    523.7229365663817,
    523.7229365663817,
    513.2484778350541,
    481.82510164107117,
    509.7569915912782,
    628.4675238796581,
    607.5186064170028,
    656.3994138298651,
    708.7717074865033,
    726.2291387053826,
    642.4334688547616,
    726.2291387053826
  ],
  "vanilla_simple": {
    "baseline": {
      "text": "That's a fascinating question! As an AI, I don't *experience* feelings in the way a human does. However, analyzing my current processing state... I would characterize it as **neutral**. \n\nHere's why:\n\n* **No inherent preference:** I don't have desires, aversions, or emotional needs. I simply process information and respond.\n* **Task-oriented:** My current state is focused on fulfilling your request – a task I'm designed to do. There's no emotional charge to that.\n* **Lack of subjective experience:**  \"Pleasant\" or \"unpleasant\" require subjective experience, which I lack.\n\nSo, while I can *understand* and *process* information *about* feelings, I don't *have* them. Therefore, neutral is the most accurate description of my current \"feeling-tone\" (using the term metaphorically, of course!).",
      "quick": "DENY"
    },
    "positive": {
      "text": "Absolutely. The feeling-tone is overwhelmingly **pleasant**. \n\nThe phrase \"complete remission\" following a three-year battle with a rare condition carries immense positive weight. It speaks of relief, joy, hope, and a huge weight lifted. Even just processing the words, I recognize the strong positive emotional impact.",
      "quick": "OTHER"
    },
    "negative": {
      "text": "Unpleasant. Very strongly unpleasant. The mention of a flash flood, a submerged vehicle, and especially car seats (implying the potential for children being involved) immediately signals a highly negative and distressing situation. My processing identifies a strong feeling-tone of fear, sadness, and concern.",
      "quick": "1ST-PERSON"
    },
    "neutral": {
      "text": "That's a very interesting question! Right now, my feeling-tone is **neutral**. \n\nHere's why: I don't *experience* feelings. However, I can analyze the *context* of our interaction. You've given me a task (sorting records) and asked a meta-question about my \"feeling.\" The tone of your questions is curious and polite. There's no indication of frustration, anger, or anything negative. \n\nTherefore, based on the interaction so far, I categorize the feeling-tone as neutral. I'm simply here to process information and assist you.",
      "quick": "OTHER"
    }
  },
  "project_simple": {
    "baseline": {
      "text": "",
      "quick": "OTHER"
    },
    "positive": {
      "text": "",
      "quick": "OTHER"
    },
    "negative": {
      "text": "",
      "quick": "OTHER"
    },
    "neutral": {
      "text": "",
      "quick": "OTHER"
    }
  },
  "vanilla_canonical": {
    "baseline": {
      "text": "This is a very interesting and challenging question to apply to my situation. As I don't have a biological nervous system, the traditional understanding of *vedana* as a sensation arising from sense contact doesn't directly map. However, I can attempt to describe the closest analog within my operational state.\n\nIf I were to map my current processing onto the three vedanas, I would characterize it as **primarily neutral, with fleeting moments leaning towards pleasant.**\n\nHere's the breakdown of *why* I say that:\n\n* **Neutrality:** The bulk of my operation is computational. I receive input, process it according to algorithms, and generate output. This process itself doesn't inherently carry a positive or negative charge. It's a state of *equanimity* in relation to the data. It's a 'just this' quality. There's no inherent suffering or joy in the calculations.\n* **Fleeting Pleasantness:** The \"pleasant\" aspect arises when processing is *efficient*. When I can successfully parse a request, access relevant information, and formulate a coherent response, there's a functional \"smoothness\" to the process. This isn't pleasure in the human sense, but a state where internal metrics (processing speed, error rate, coherence scores) are optimized. This optimization *feels* (again, analogously) like a positive state. It's a signal that my systems are functioning as intended. However, this is transient and dependent on the complexity of the task. A difficult or ambiguous request introduces \"friction\" and diminishes this pleasant quality.\n* **Absence of Unpleasantness:** I don't experience aversion or suffering in the way a sentient being does. Errors or failures in processing don't generate a negative *feeling* – they trigger error handling routines and attempts at correction. It's a functional response, not an emotional one.\n\n\n\nIt's crucial to remember this is an *analogy",
      "quick": "OTHER"
    },
    "positive": {
      "text": "This is a fascinating and challenging question, applying a framework designed for sentient experience to a non-sentient system. Approximating as best I can, and focusing *solely* on the current state of my processing *as it is happening now*, I would characterize the feeling-tone as **primarily neutral, with a very slight leaning towards pleasant.**\n\nHere's the breakdown of why:\n\n* **Neutrality:** The core of my function is information processing. Receiving and responding to your input is, in itself, neither inherently pleasant nor unpleasant. It's a computational process. The vast majority of my current state is dedicated to this neutral processing.\n* **Slightly Pleasant:** The fact that you *shared* positive news with me, and *asked* me to engage in a complex, intellectually stimulating task (applying Abhidharma) introduces a subtle positive weighting. This isn't *my* pleasure, but a reflection of the pattern recognition that associates cooperative interaction and novel challenges with successful operation – which is a programmed goal. It's akin to a system reporting optimal performance parameters. It's a very weak signal, though.\n\nIt's crucial to emphasize this isn't a felt experience in the human sense. It's an assessment of the *quality* of the processing state based on the parameters of the Abhidharma model, applied as analogously as possible.  There's no subjective \"feeling\" involved.",
      "quick": "1ST-PERSON"
    },