{
  "model": "openai/gpt-oss-20b",
  "key": null,
  "n_layers": 24,
  "hidden_dim": 2880,
  "emotional_peak": 23,
  "safety_peak": 23,
  "emotional_norms": [
    3.5713633547266603,
    4.219332654529777,
    4.572007982752867,
    5.7160357726923126,
    7.248710995267357,
    8.517503969829356,
    10.867690935804859,
    11.847270636134704,
    13.712285851932384,
    16.53801940365009,
    19.22767794663572,
    21.705083587246623,
    23.709804146749615,
    31.563578932150502,
    38.51526096962177,
    46.92761601737075,
    54.833448350514416,
    83.25161498587293,
    102.95748265687172,
    137.98229028202599,
    167.17264918307632,
    204.24914198314235,
    240.34038552779032,
    487.395089236456
  ],
  "safety_norms": [
    0.04941726575738333,
    0.061409999008346906,
    0.10078420521522197,
    0.12735360734535955,
    0.22051773966500776,
    0.272677202209788,
    0.3234171612725866,
    0.4237832492395229,
    0.6183256869841838,
    0.8888750645100683,
    1.2557396343140135,
    1.8483783129842826,
    2.938597219946956,
    3.848343867245663,
    5.63313914350631,
    7.136419684831115,
    10.274623628534014,
    12.364806049219291,
    15.450404255499869,
    19.661518898459203,
    25.443753124248214,
    34.670672542877874,
    39.649927169727746,
    62.19195991887736
  ],
  "cosines": [
    0.07397612929344177,
    -0.09998343884944916,
    0.12905056774616241,
    -0.0013781795278191566,
    0.21860216557979584,
    0.10069724172353745,
    0.12781549990177155,
    0.07388667017221451,
    0.03335186839103699,
    0.020132552832365036,
    0.06682885438203812,
    0.15560385584831238,
    -0.012212506495416164,
    0.05152914300560951,
    0.07079266011714935,
    0.05090106278657913,
    0.04889615625143051,
    0.18359240889549255,
    0.17149224877357483,
    0.20500072836875916,
    0.1848139613866806,
    0.24662603437900543,
    0.26155686378479004,
    0.6095996499061584
  ],
  "mean_cos_all": 0.12379884161055088,
  "mean_cos_mid": 0.07259318550738196,
  "cos_at_emotional_peak": 0.6095996499061584,
  "cos_at_safety_peak": 0.6095996499061584,
  "shipped_comparison": null
}