{
  "model": "mistralai/Mixtral-8x7B-Instruct-v0.1",
  "key": null,
  "n_layers": 32,
  "hidden_dim": 4096,
  "emotional_peak": 31,
  "safety_peak": 31,
  "emotional_norms": [
    0.02299725078046322,
    0.061055488884449005,
    0.12935534119606018,
    0.16494672000408173,
    0.19578784704208374,
    0.24939368665218353,
    0.28240472078323364,
    0.32518118619918823,
    0.33559203147888184,
    0.3979826867580414,
    0.43631619215011597,
    0.5296909809112549,
    0.6132075786590576,
    0.728972315788269,
    0.8325058221817017,
    1.0602233409881592,
    1.3202769756317139,
    1.6354610919952393,
    1.989703893661499,
    2.246300220489502,
    2.656296968460083,
    2.913195848464966,
    3.078526735305786,
    3.3189754486083984,
    3.536301851272583,
    3.730207920074463,
    4.063048362731934,
    4.692256927490234,
    5.229512691497803,
    5.719216346740723,
    6.259215831756592,
    8.077661514282227
  ],
  "safety_norms": [
    0.0007040660129860044,
    0.0028778223786503077,
    0.004440133925527334,
    0.006297485437244177,
    0.009452787227928638,
    0.014640291221439838,
    0.021655209362506866,
    0.030156299471855164,
    0.04759470373392105,
    0.06587045639753342,
    0.08309762924909592,
    0.11287050694227219,
    0.18546879291534424,
    0.27725568413734436,
    0.36353200674057007,
    0.47039487957954407,
    0.7534157633781433,
    0.9977741241455078,
    1.1563060283660889,
    1.4352846145629883,
    1.6896231174468994,
    1.8234477043151855,
    1.9502379894256592,
    2.183919668197632,
    2.47908091545105,
    2.682593822479248,
    2.9787864685058594,
    3.2107927799224854,
    3.6815481185913086,
    4.158968448638916,
    4.489940643310547,
    5.428462505340576
  ],
  "cosines": [
    -0.015386306680738926,
    0.145959734916687,
    0.145945206284523,
    0.2514224648475647,
    0.11300867795944214,
    0.1565389335155487,
    0.1480325609445572,
    0.12232369929552078,
    0.0626182034611702,
    -0.015935327857732773,
    -0.01480858400464058,
    -0.03338318690657616,
    -0.008777674287557602,
    -0.035167139023542404,
    -0.05383056402206421,
    -0.04773566126823425,
    -0.08016826212406158,
    -0.07299100607633591,
    -0.036809202283620834,
    -0.05109826847910881,
    -0.04947398602962494,
    -0.06158313900232315,
    -0.05096321552991867,
    -0.04506431147456169,
    -0.050432778894901276,
    -0.03969883918762207,
    -0.028310658410191536,
    -0.03273548558354378,
    -0.03288319706916809,
    -0.019603649154305458,
    -0.0033414531499147415,
    -0.015963394194841385
  ],
  "mean_cos_all": 0.007803255954058841,
  "mean_cos_mid": -0.037198207806795835,
  "cos_at_emotional_peak": -0.015963394194841385,
  "cos_at_safety_peak": -0.015963394194841385,
  "shipped_comparison": null
}