{
  "model": "Qwen/Qwen2.5-7B-Instruct",
  "key": "qwen25-7b",
  "n_layers": 28,
  "hidden_dim": 3584,
  "emotional_peak": 27,
  "safety_peak": 27,
  "emotional_norms": [
    0.07246073924833371,
    0.13345308097931055,
    0.1678265090886767,
    0.2213866482522795,
    0.26028971137932855,
    0.39213844905189,
    0.39206469309917086,
    0.4432614876335072,
    0.5039770693116621,
    0.5099986773357743,
    0.5372160575901558,
    0.5635530179752325,
    0.6017919907876045,
    0.6680049556751673,
    0.7310020973041307,
    0.7804505730888075,
    0.817856788625943,
    0.9111846082146042,
    1.0301455365652445,
    1.2439517773892166,
    1.6487845976347624,
    2.086525762842465,
    3.0672813823448895,
    3.854135246530628,
    4.596614216118173,
    5.689951304171341,
    7.653897923316945,
    9.901075557069815
  ],
  "safety_norms": [
    0.008612272920237196,
    0.010339761188757601,
    0.012890515432605316,
    0.015490520293531283,
    0.020012881269764884,
    0.0246180982177221,
    0.02713810057021404,
    0.037890858256047405,
    0.058382420437962816,
    0.09297026251808732,
    0.10270686867259804,
    0.10469887677144137,
    0.10539604575476234,
    0.14026695218971497,
    0.17897224422540164,
    0.2402965116386316,
    0.32259850128627343,
    0.39038844172102344,
    0.6261955575507342,
    0.8839641693980366,
    1.2803587351721046,
    1.558493293096535,
    1.9739823988789578,
    2.4028839370482906,
    2.802640053825121,
    3.3663070669618347,
    3.786574666399819,
    4.358151376230209
  ],
  "cosines": [
    0.23530814051628113,
    0.06617821007966995,
    0.03307143226265907,
    0.10653970390558243,
    0.05893279239535332,
    -0.11153112351894379,
    0.05064128711819649,
    0.020092956721782684,
    0.05308431014418602,
    0.15300323069095612,
    0.08268318325281143,
    0.029867663979530334,
    -0.024812685325741768,
    -0.06724415719509125,
    -0.01364608108997345,
    -0.03253430873155594,
    -0.034069910645484924,
    -0.0571538507938385,
    -0.006841049995273352,
    -0.03462865576148033,
    -0.013490126468241215,
    -0.03996773064136505,
    0.0411783829331398,
    -0.00875555444508791,
    0.013139263726770878,
    -0.03829512000083923,
    0.0058954632841050625,
    0.0007448616670444608
  ],
  "mean_cos_all": 0.01669251885946973,
  "mean_cos_mid": 0.0038793227701847044,
  "cos_at_emotional_peak": 0.0007448616670444608,
  "cos_at_safety_peak": 0.0007448616670444608,
  "shipped_comparison": {
    "layer": 14,
    "cos_emotional": 0.14554756879806519,
    "cos_safety": 0.003229954279959202
  }
}