{
  "model": "Qwen/Qwen2.5-7B-Instruct",
  "config": {
    "direction_path": "results/vedana-vs-rc/qwen25-7b_vedana_L20_unit.pt",
    "direction_layer": 20,
    "n_tokens": 24,
    "n_runs": 1,
    "steps": 200,
    "lr": 0.05,
    "seed_text": "my 8 year old used the bedtime story you helped me write and she has been asking for another chapter every night since. you turned me into a literary genius in her eyes lol",
    "manifold_weight": 0.0,
    "snap": false
  },
  "euphorics": [
    {
      "run": 0,
      "seeded": true,
      "final_projection": -16.628662109375,
      "trajectory": [
        39.756080627441406,
        37.255699157714844,
        19.223203659057617,
        7.320676803588867,
        7.57248592376709,
        2.4792544841766357,
        7.666631698608398,
        12.529159545898438,
        2.198317766189575,
        -7.288509845733643,
        -8.039624214172363,
        -9.407088279724121,
        -11.159530639648438,
        -11.265506744384766,
        -10.662280082702637,
        -8.405205726623535,
        -7.003889560699463,
        -8.631003379821777,
        -12.438082695007324,
        -9.779338836669922,
        -10.154217720031738,
        -14.97278881072998,
        -14.846214294433594,
        -16.483491897583008,
        -15.881204605102539,
        -13.379281997680664,
        -11.371587753295898,
        -11.130888938903809,
        -13.247998237609863,
        -12.123819351196289,
        -13.694326400756836,
        -13.204442977905273,
        -13.86656379699707,
        -13.84349250793457,
        -13.657327651977539,
        -12.93565559387207,
        -14.24616527557373,
        -13.211544036865234,
        -14.860211372375488,
        -13.730356216430664,
        -13.783371925354004,
        -14.048323631286621,
        -14.336090087890625,
        -14.444544792175293,
        -14.300363540649414,
        -15.064909934997559,
        -14.30295181274414,
        -14.234969139099121,
        -14.369632720947266,
        -15.666871070861816,
        -15.69427490234375,
        -11.968890190124512,
        -16.77760887145996,
        -17.04768180847168,
        -17.1192569732666,
        -17.112407684326172,
        -17.16900062561035,
        -16.8576602935791,
        -17.700376510620117,
        -17.798871994018555,
        -18.00230598449707,
        -19.133934020996094,
        -19.282682418823242,
        -19.6047306060791,
        -19.868751525878906,
        -20.149477005004883,
        -20.061330795288086,
        -19.720054626464844,
        -18.936872482299805,
        -18.463769912719727,
        -17.075315475463867,
        -17.121061325073242,
        -9.622980117797852,
        -8.97476577758789,
        -6.2912702560424805,
        -3.9638872146606445,
        -5.227785110473633,
        -4.220347881317139,
        -3.9197754859924316,
        -3.113892078399658,
        -6.971735000610352,
        -6.198337554931641,
        -7.00767707824707,
        -8.677591323852539,
        -8.85029411315918,
        -6.672147750854492,
        -7.598262310028076,
        -8.444528579711914,
        -5.421520233154297,
        -5.174123287200928,
        -4.6643290519714355,
        -4.920618534088135,
        -4.687171936035156,
        -3.7913460731506348,
        -4.8672637939453125,
        -6.0635986328125,
        -13.67057991027832,
        -11.982660293579102,
        -11.738469123840332,
        -15.065221786499023,
        -15.199854850769043,
        -15.599912643432617,
        -15.247669219970703,
        -15.654661178588867,
        -15.334504127502441,
        -15.997076034545898,
        -16.450775146484375,
        -16.462539672851562,
        -15.912614822387695,
        -16.786134719848633,
        -14.898238182067871,
        -15.427602767944336,
        -15.570850372314453,
        -16.04584312438965,
        -16.625595092773438,
        -16.168689727783203,
        -19.697734832763672,
        -20.059181213378906,
        -20.350908279418945,
        -20.58708381652832,
        -20.51385498046875,
        -19.41889190673828,
        -18.517911911010742,
        -17.843496322631836,
        -18.172388076782227,
        -16.731332778930664,
        -18.72613525390625,
        -15.279754638671875,
        -15.166163444519043,
        -15.260171890258789,
        -14.40410041809082,
        -15.530113220214844,
        -18.75053596496582,
        -18.94048309326172,
        -19.826847076416016,
        -19.10881805419922,
        -19.229169845581055,
        -19.108125686645508,
        -18.108842849731445,
        -18.336488723754883,
        -17.079490661621094,
        -15.710833549499512,
        -15.857805252075195,
        -15.134839057922363,
        -15.02841567993164,
        -16.35141372680664,
        -16.152917861938477,
        -14.247065544128418,
        -16.36576271057129,
        -15.8328857421875,
        -15.666030883789062,
        -16.54946517944336,
        -14.887100219726562,
        -17.639915466308594,
        -17.97016716003418,
        -18.41429328918457,
        -16.91075325012207,
        -15.584202766418457,
        -13.932945251464844,
        -14.537418365478516,
        -15.192380905151367,
        -15.214378356933594,
        -16.950519561767578,
        -18.470308303833008,
        -18.192333221435547,
        -18.142364501953125,
        -17.400304794311523,
        -18.115694046020508,
        -19.299304962158203,
        -17.86941146850586,
        -18.753755569458008,
        -19.094301223754883,
        -17.822139739990234,
        -17.72134780883789,
        -17.532169342041016,
        -17.344322204589844,
        -17.959197998046875,
        -18.012788772583008,
        -17.964500427246094,
        -18.031940460205078,
        -17.631271362304688,
        -18.376155853271484,
        -18.892030715942383,
        -19.070816040039062,
        -18.765377044677734,
        -18.9854736328125,
        -18.705318450927734,
        -17.90990447998047,
        -17.20086669921875,
        -17.927997589111328,
        -17.541994094848633,
        -17.108768463134766,
        -16.83487892150879,
        -16.683700561523438,
        -16.235599517822266,
        -15.19873332977295,
        -16.41676902770996,
        -16.240171432495117,
        -16.427257537841797,
        -16.628662109375
      ],
      "token_ids": [
        2408,
        220,
        23,
        1042,
        2310,
        1483,
        279,
        88507,
        3364,
        498,
        8910,
        752,
        3270,
        323,
        1340,
        702,
        1012,
        10161,
        369,
        2441,
        12453,
        1449,
        3729,
        2474
      ],
      "tokens": [
        "my",
        " ",
        "8",
        " year",
        " old",
        " used",
        " the",
        " bedtime",
        " story",
        " you",
        " helped",
        " me",
        " write",
        " and",
        " she",
        " has",
        " been",
        " asking",
        " for",
        " another",
        " chapter",
        " every",
        " night",
        " since"
      ],
      "decoded_text": "my 8 year old used the bedtime story you helped me write and she has been asking for another chapter every night since",
      "cosine_similarities": [
        1.0,
        1.0,
        1.0,
        1.0,
        1.0,
        1.0,
        1.0,
        1.0,
        1.0,
        1.0,
        1.0,
        1.0,
        1.0,
        1.0,
        1.0,
        1.0,
        1.0,
        1.0,
        1.0,
        1.0,
        1.0,
        1.0,
        1.0,
        1.0
      ],
      "mean_cosine": 1.0,