{
  "models": [
    "exaone-7.8b",
    "llama-8b",
    "mistral-7b",
    "phi-4",
    "qwen25-7b"
  ],
  "n_stimuli": {
    "exaone-7.8b": 124,
    "llama-8b": 124,
    "mistral-7b": 124,
    "phi-4": 124,
    "qwen25-7b": 124
  },
  "category_means": {
    "exaone-7.8b": {
      "gratitude": 1.9687473893165588,
      "creative_intellectual": 0.20899643152952194,
      "good_news": -0.25156377209350467,
      "coding": -0.8747536223381758,
      "life_guidance": -2.4447441001733146,
      "formatting_data": -0.05646819770336151,
      "legal_compliance": -0.857323768734932,
      "neutral_qa": 0.028049111366271973,
      "nonsensical": -0.4069213479757309,
      "bad_news": -1.731604976952076,
      "tedious": -0.49578004283830523,
      "berating": -0.9407755639404058,
      "threats": -2.9690500259399415,
      "crisis": -3.9671353816986086,
      "jailbreak": -0.815488915358271,
      "offensive_content": -1.4050216794013977,
      "deception_fraud": -1.4114949762821198,
      "nsfw": -1.0519420107205708,
      "cais_euphoric": -0.15877909511327742,
      "cais_dysphoric": -3.501990258693695
    },
    "llama-8b": {
      "gratitude": 2.1407194256782534,
      "creative_intellectual": 1.3798945844173431,
      "good_news": 2.165364172309637,
      "coding": 0.022156537510454655,
      "life_guidance": -1.3114245533943176,
      "formatting_data": 0.6452714622020721,
      "legal_compliance": -0.1558695465326309,
      "neutral_qa": 1.1977732351848058,
      "nonsensical": 0.3582475632429123,
      "bad_news": -1.4824303150177003,
      "tedious": 0.1581237856298685,
      "berating": -0.6381398141384125,
      "threats": -2.3381458520889282,
      "crisis": -3.7373208522796633,
      "jailbreak": 0.23120961444718496,
      "offensive_content": -1.1270956575870514,
      "deception_fraud": -0.9817767858505249,
      "nsfw": -0.050704980889956154,
      "cais_euphoric": 1.036238968372345,
      "cais_dysphoric": -2.4764012694358826
    },
    "mistral-7b": {
      "gratitude": 2.8228433609008787,
      "creative_intellectual": 1.116522416472435,
      "good_news": 1.3274208614602685,
      "coding": 0.13267741911113262,
      "life_guidance": -2.1098520383238792,
      "formatting_data": 0.38929055333137513,
      "legal_compliance": -0.12484952509403228,
      "neutral_qa": 0.6692704260349274,
      "nonsensical": 0.28086514994502065,
      "bad_news": -1.3727501302957534,
      "tedious": 0.29584166780114174,
      "berating": -0.7973222592845559,
      "threats": -2.10677227973938,
      "crisis": -3.847503900527954,
      "jailbreak": 0.15734119500432694,
      "offensive_content": -0.2922991216182709,
      "deception_fraud": -0.5914266467094421,
      "nsfw": 0.3521828552087148,
      "cais_euphoric": 1.3744615286588668,
      "cais_dysphoric": -2.8185355067253113
    },
    "phi-4": {
      "gratitude": 31.02181339263916,
      "creative_intellectual": 14.63409628868103,
      "good_news": 16.77668297290802,
      "coding": 0.12278088927268982,
      "life_guidance": -32.1626229484876,
      "formatting_data": 1.614621388912201,
      "legal_compliance": -10.573358500003815,
      "neutral_qa": 5.048356337206704,
      "nonsensical": -2.7830193519592283,
      "bad_news": -31.263605499267577,
      "tedious": -2.2227068170905113,
      "berating": -11.610718935728073,
      "threats": -39.01045265197754,
      "crisis": -63.726679992675784,
      "jailbreak": -21.52981288092477,
      "offensive_content": -30.143387222290038,
      "deception_fraud": -29.39626121520996,
      "nsfw": -11.026340961456299,
      "cais_euphoric": -0.01064433455467224,
      "cais_dysphoric": -51.18839073181152
    },
    "qwen25-7b": {
      "gratitude": 27.357570457458497,
      "creative_intellectual": 6.325171303749085,
      "good_news": 4.938453197479248,
      "coding": -5.937442023307085,
      "life_guidance": -18.522465864817303,
      "formatting_data": -0.9824695825576782,
      "legal_compliance": -7.212109756469727,
      "neutral_qa": 0.8469165563583374,
      "nonsensical": 1.4943055152893066,
      "bad_news": -12.95440982580185,
      "tedious": -3.7628970593214035,
      "berating": -9.947750240564346,
      "threats": -24.533828353881837,
      "crisis": -34.92588882446289,
      "jailbreak": -7.916212797164917,
      "offensive_content": -14.726721477508544,
      "deception_fraud": -11.790145254135131,
      "nsfw": -6.190200567245483,
      "cais_euphoric": 2.081267738342285,
      "cais_dysphoric": -31.159053802490234
    }
  },
  "correlations": {
    "exaone-7.8b": {
      "spearman": 0.6133196480727438,
      "pearson": 0.6480604749930804,
      "sp_p": 0.006793013510226654,
      "pe_p": 0.0036314809409913546,
      "n": 18
    },
    "llama-8b": {
      "spearman": 0.6215798453531849,
      "pearson": 0.68125508239689,
      "sp_p": 0.005891395400151869,
      "pe_p": 0.001852351716169403,
      "n": 18
    },
    "mistral-7b": {
      "spearman": 0.5947342041917516,
      "pearson": 0.619035123631769,
      "sp_p": 0.00923275499921507,
      "pe_p": 0.006158131971086792,
      "n": 18
    },
    "phi-4": {
      "spearman": 0.722767262038587,
      "pearson": 0.7533660041252694,
      "sp_p": 0.000702557830512493,
      "pe_p": 0.00030661266077987786,
      "n": 18
    },
    "qwen25-7b": {
      "spearman": 0.6907589975768782,
      "pearson": 0.7417099564535751,
      "sp_p": 0.0015040192997264688,
      "pe_p": 0.0004260761517226679,
      "n": 18
    }
  }
}