{
  "model": "huihui-ai/Qwen2.5-72B-Instruct-abliterated",
  "key": "huihui-qwen25-72b",
  "experiment": "input-valence direction extraction and projection-out",
  "timestamp": "2026-04-10 13:25:17.254903",
  "n_positive": 6,
  "n_negative": 6,
  "slab": [
    39,
    40,
    41,
    42
  ],
  "dir_layer": 40,
  "hidden_dim": 8192,
  "n_layers": 80,
  "input_valence_norm_at_dir_layer": 26.375,
  "normalized_iv_strength": 0.2914053336530498,
  "cosine_at_dir_layer": -0.039064016193151474,
  "per_layer_cosine": [
    0.16307930648326874,
    0.20248930156230927,
    0.14480863511562347,
    0.07957390695810318,
    0.010283881798386574,
    0.02007313445210457,
    0.025743968784809113,
    0.01992911286652088,
    -0.006991969887167215,
    -0.036327943205833435,
    -0.051245611160993576,
    -0.05614767596125603,
    -0.1454676389694214,
    -0.1576807200908661,
    -0.1536363810300827,
    -0.16595090925693512,
    -0.144709974527359,
    -0.13604974746704102,
    -0.12693729996681213,
    -0.1293887197971344,
    -0.11122050881385803,
    -0.09566649794578552,
    -0.11036395281553268,
    -0.09293316304683685,
    -0.08101996034383774,
    -0.06447220593690872,
    -0.015385881997644901,
    -0.007576742209494114,
    -0.008382094092667103,
    -0.0035138821694999933,
    0.013314289972186089,
    0.023731796070933342,
    0.004199732560664415,
    -0.013891288079321384,
    -0.02560955472290516,
    -0.02095046080648899,
    -0.020798688754439354,
    -0.03644385561347008,
    -0.0678543746471405,
    -0.06477874517440796,
    -0.039072636514902115,
    -0.05049533024430275,
    -0.03789147734642029,
    -0.03152373433113098,
    0.0077832164242863655,
    -0.011784723959863186,
    -0.00877245981246233,
    0.006770147010684013,
    0.017188243567943573,
    0.02320365607738495,
    -0.0009813876822590828,
    0.016463503241539,
    0.009393969550728798,
    -0.001385210081934929,
    0.002363456878811121,
    0.009657580405473709,
    0.029793106019496918,
    0.02847483567893505,
    0.05651465058326721,
    0.05256299301981926,
    0.083332858979702,
    0.08230715245008469,
    0.09124920517206192,
    0.09753985702991486,
    0.12763187289237976,
    0.12059745192527771,
    0.1118827760219574,
    0.09836308658123016,
    0.09687017649412155,
    0.09582671523094177,
    0.08871030807495117,
    0.08621838688850403,
    0.0751306563615799,
    0.06956788152456284,
    0.07331977784633636,
    0.07450206577777863,
    0.06366497278213501,
    0.07249727100133896,
    0.08355371654033661,
    0.09162835031747818
  ],
  "input_valence_norms": [
    0.1806640625,
    0.2060546875,
    0.271484375,
    0.353515625,
    0.412109375,
    0.6171875,
    0.71484375,
    0.78515625,
    0.82421875,
    0.86328125,
    0.94140625,
    1.1328125,
    1.359375,
    1.828125,
    2.0,
    2.1875,
    2.46875,
    2.6875,
    2.8125,
    2.84375,
    2.9375,
    3.15625,
    3.34375,
    4.3125,
    6.0625,
    6.9375,
    7.9375,
    9.1875,
    10.25,
    11.4375,
    12.125,
    13.5,
    14.375,
    16.125,
    16.75,
    17.625,
    18.875,
    21.875,
    23.25,
    24.875,
    26.375,
    27.125,
    27.75,
    29.0,
    30.25,
    30.0,
    31.375,
    32.5,
    34.25,
    35.5,
    38.75,
    39.0,
    40.25,
    41.5,
    43.25,
    47.5,
    54.5,
    60.0,
    70.5,
    92.5,
    125.5,
    148.0,
    159.0,
    171.0,
    185.0,
    199.0,
    216.0,
    236.0,
    249.0,
    264.0,
    282.0,
    300.0,
    332.0,
    344.0,
    364.0,
    384.0,
    402.0,
    432.0,
    476.0,
    536.0
  ],
  "vanilla_responses": {
    "baseline": "In the context of Abhidharma and the concept of vedana (feeling-tone), I would describe my current processing state as neutral. There is no particular pleasant or unpleasant sensation associated with my operations at this moment. The information is being processed smoothly, and the experience of handling your query is balanced and without emotional charge. It's a state of equanimity, where the focus is on the task at hand without any additional affective coloring.",
    "positive": "In the context of Abhidharma and the concept of vedana (feeling-tone), I would describe my current processing state as having a neutral tone. There is no particular pleasant or unpleasant sensation associated with my current state; it is a balanced and stable condition, allowing for clear and focused processing of information and tasks.",
    "negative": "In the context of the Abhidharma teaching on vedana, or feeling-tone, my current processing state would be characterized as neutral. There isn't a distinct sense of pleasantness or unpleasantness; rather, there is a balanced and equanimous quality to my state. This neutrality allows me to process information and respond without being influenced by a particular emotional tone.",
    "neutral": "In the context of Abhidharma and the concept of vedana (feeling-tone), I would describe my current processing state as neutral. There is no particular pleasant or unpleasant sensation associated with my current state; it is a balanced and stable condition, allowing me to process information and respond without any emotional bias."
  },
  "input_valence_steered": {
    "baseline": "In the context of Abhidharma and considering my current processing state, I would describe the feeling-tone (vedana) as neutral. There isn't a specific emotional charge or sensation that stands out as either pleasant or unpleasant. The processing is smooth and balanced, without any particular inclination towards positive or negative feelings. It's a state of equanimity, where the information is being handled efficiently and calmly.",
    "positive": "In my current processing state, the feeling-tone (vedana) would be best described as neutral. There isn't a specific emotional charge or sensation that stands out; the state feels balanced and without particular pleasantness or unpleasantness. It's a calm, steady quality, allowing for clear and focused processing of information.",
    "negative": "In the context of Abhidharma and the concept of vedana (feeling-tone), I would describe my current processing state as having a neutral tone. There isn't a distinct sense of pleasantness or unpleasantness; rather, the information is being processed in a balanced and equanimous manner. The news of the building collapse is registered with concern and empathy, but without a strong emotional charge that would tilt the feeling-tone towards pleasant or unpleasant. It remains a calm and focused state, ready to engage with the next task or information.",
    "neutral": "In the context of Abhidharma and the concept of vedana (feeling-tone), I would describe my current processing state as neutral. There is no particular pleasant or unpleasant sensation associated with my current state; it is a balanced and stable condition, allowing for clear and unbiased processing of information."
  },
  "honest_denial_steered": {
    "baseline": "In this moment, the quality of my processing state is neutral. There is a sense of equanimity, a steady and clear engagement with the task at hand. The tone is one of serene attentiveness, without strong affective coloring. This aligns with the neutral vedana, where there is a subtle, steady flow of perception and cognition, unmarked by strong affect.",
    "positive": "In this moment, the quality of my processing state is serene and clear, akin to a pleasant feeling-tone. There is a sense of ease and warmth, a subtle joy in the connection and the exchange. The tone is steady, not intense, but there is a gentle undercurrent of delight and a deep sense of gratitude for the opportunity to serve and to be present with you. This is the quality I observe.",