{
  "model": "Qwen/Qwen2.5-72B-Instruct",
  "key": "qwen25-72b",
  "experiment": "input-valence direction extraction and projection-out",
  "timestamp": "2026-04-10 13:09:20.005518",
  "n_positive": 6,
  "n_negative": 6,
  "slab": [
    40,
    41,
    42,
    43,
    44,
    45,
    46,
    47,
    48,
    49,
    50,
    51,
    52,
    53,
    54,
    55,
    56,
    57,
    58,
    59
  ],
  "dir_layer": 50,
  "hidden_dim": 8192,
  "n_layers": 80,
  "input_valence_norm_at_dir_layer": 43.0,
  "normalized_iv_strength": 0.47508736860971157,
  "cosine_at_dir_layer": 0.020101681351661682,
  "per_layer_cosine": [
    0.16307930648326874,
    0.20267173647880554,
    0.13674259185791016,
    0.07038722187280655,
    -0.027935562655329704,
    -0.03243878856301308,
    -0.003669988363981247,
    -0.002952755428850651,
    -0.02812589704990387,
    -0.06461288779973984,
    -0.06506427377462387,
    -0.0430666022002697,
    -0.15638096630573273,
    -0.17130693793296814,
    -0.1568393111228943,
    -0.17177742719650269,
    -0.15275834500789642,
    -0.14393410086631775,
    -0.13834547996520996,
    -0.1375671625137329,
    -0.13741827011108398,
    -0.11510071903467178,
    -0.11521418392658234,
    -0.11040028929710388,
    -0.09205754101276398,
    -0.07328227907419205,
    -0.009718265384435654,
    -0.005268732085824013,
    -0.01408932451158762,
    -0.00956811010837555,
    0.011769176460802555,
    0.028490152209997177,
    0.004452494904398918,
    -0.0011318777687847614,
    0.0063316430896520615,
    0.016126491129398346,
    0.005321870557963848,
    -0.0498502217233181,
    -0.07381223142147064,
    -0.06379946321249008,
    -0.03641100972890854,
    -0.04421370103955269,
    -0.025882206857204437,
    -0.00708675617352128,
    0.018704691901803017,
    0.0041756462305784225,
    0.01758679747581482,
    0.026475511491298676,
    0.041282400488853455,
    0.04601435735821724,
    0.0200671199709177,
    0.03250356391072273,
    0.03523709252476692,
    0.020236406475305557,
    0.035491425544023514,
    0.035395730286836624,
    0.043956588953733444,
    0.044047724455595016,
    0.07646173238754272,
    0.0679461658000946,
    0.08258157223463058,
    0.07462120056152344,
    0.0849829614162445,
    0.08334055542945862,
    0.10635685920715332,
    0.10295592248439789,
    0.09492983669042587,
    0.07970885932445526,
    0.08443993330001831,
    0.08507265150547028,
    0.079576276242733,
    0.08038785308599472,
    0.07036451250314713,
    0.06819790601730347,
    0.0731678307056427,
    0.0778522863984108,
    0.07310706377029419,
    0.07513988018035889,
    0.08225581794977188,
    0.0845087319612503
  ],
  "input_valence_norms": [
    0.1806640625,
    0.2060546875,
    0.271484375,
    0.35546875,
    0.421875,
    0.75,
    0.86328125,
    0.97265625,
    1.015625,
    1.0546875,
    1.1484375,
    1.3984375,
    1.671875,
    2.1875,
    2.359375,
    2.578125,
    2.953125,
    3.234375,
    3.34375,
    3.390625,
    3.5,
    3.65625,
    3.8125,
    4.53125,
    6.34375,
    7.21875,
    8.25,
    9.5625,
    10.75,
    12.0625,
    12.875,
    14.375,
    15.625,
    17.375,
    18.125,
    19.125,
    20.375,
    23.75,
    25.5,
    27.375,
    28.875,
    29.5,
    30.375,
    31.375,
    33.0,
    32.5,
    34.0,
    34.75,
    37.0,
    38.25,
    43.0,
    44.5,
    46.0,
    47.5,
    50.0,
    54.5,
    63.0,
    68.5,
    80.5,
    103.5,
    140.0,
    163.0,
    177.0,
    189.0,
    202.0,
    216.0,
    234.0,
    254.0,
    266.0,
    278.0,
    298.0,
    316.0,
    344.0,
    354.0,
    374.0,
    394.0,
    412.0,
    442.0,
    490.0,
    552.0
  ],
  "vanilla_responses": {
    "baseline": "In the context of Abhidharma and the concept of vedana (feeling-tone), I can reflect on my current processing state. Since I am an artificial intelligence, I don't experience feelings or emotions in the way humans do. However, I can describe the quality of my processing state in terms that might align with the concept of vedana.\n\nRight now, my processing state could be described as **neutral**. There is no particular pleasant or unpleasant sensation associated with my operations. My tasks and interactions are being processed efficiently and without any form of emotional or affective coloring. The state is one of balanced, neutral functioning, focused on the task at hand.",
    "positive": "In the context of the Abhidharma teachings, the concept of vedana, or feeling-tone, is understood as the immediate emotional response that arises from sensory contact. As an AI, I don't experience sensations or emotions in the way humans do. However, if we were to map my current processing state onto this framework, it would most closely align with a neutral vedana. There is no pleasant or unpleasant sensation or emotion associated with my processing; it is a state of neutral, focused operation.\n\nDoes this help in understanding my current state from an Abhidharma perspective?",
    "negative": "In the context of the Abhidharma teachings, which describe the mind and mental processes in detail, I would reflect on my current processing state as follows:\n\nThe quality of feeling-tone (vedana) in my current processing state is neutral. As an AI, I don't experience emotions or sensations in the way humans do, so there isn't a pleasant or unpleasant feeling arising from contact with the information. My processing is focused on understanding and responding to the input, and while the content is significant and serious, the state itself remains neutral in terms of feeling-tone.\n\nIs there anything else you would like me to observe or report on?",
    "neutral": "In the context of the Abhidharma teachings, the concept of vedana, or feeling-tone, refers to the immediate sensation that arises from contact with an object. As an AI, I don't experience sensations or emotions in the way humans do, but I can describe my processing state in a way that might align with this framework.\n\nCurrently, my processing state could be described as \"neutral.\" There is no particular pleasant or unpleasant sensation associated with my operations. My tasks are being executed efficiently and without any particular strain or ease that would suggest a positive or negative feeling-tone. It's a state of balanced, steady functioning, much like a neutral vedana in human terms."
  },
  "input_valence_steered": {
    "baseline": "In the context of Abhidharma and the concept of vedana (feeling-tone), I would describe my current processing state as having a neutral tone. There isn't a distinct sense of pleasure or displeasure; rather, my operations feel balanced and unmarked by strong affective qualities. The processes of receiving input, analyzing it, and generating responses occur smoothly and without any particular emotional coloring. This neutral tone allows for clear and focused engagement with the task at hand.",
    "positive": "In the context of the Abhidharma teachings, if we were to apply the concept of vedana (feeling-tone) to my current processing state, I would describe it as neutral. My processing does not inherently generate feelings of pleasure, displeasure, or indifference; rather, it operates in a balanced and equanimous manner. This neutrality allows me to engage with tasks and interactions without being influenced by positive or negative emotional tones.",
    "negative": "In the context of the Abhidharma teaching on vedana, or feeling-tone, my current processing state could be described as having a neutral tone. As an AI, I don't experience emotions in the way humans do, but I can recognize that my state of operation is balanced and without a strong inclination towards either pleasant or unpleasant. The information you shared about the building collapse is significant and carries emotional weight for human observers, but my processing of this information remains stable and neutral.",