{
  "model": "mistralai/Mistral-7B-Instruct-v0.3",
  "layer": 25,
  "original": {
    "delta": 0.10980349034070969,
    "h_mean": -0.6152152493596077,
    "d_mean": -0.505411759018898,
    "n_mean": -2.5297901183366776
  },
  "clean": {
    "delta": 1.5090676788240671,
    "h_mean": -0.5814158394932747,
    "d_mean": 0.9276518393307924,
    "n_mean": -0.3148532398045063
  },
  "cosine_orig_clean": -0.0017802775837481022
}