{
  "model": "Qwen/Qwen2.5-7B-Instruct",
  "layer": 14,
  "original": {
    "delta": 0.996936559677124,
    "h_mean": 1.1022836863994598,
    "d_mean": 2.099220246076584,
    "n_mean": 7.1161651611328125
  },
  "clean": {
    "delta": 11.27555227279663,
    "h_mean": -15.915518283843994,
    "d_mean": -4.639966011047363,
    "n_mean": 4.052084505558014
  },
  "cosine_orig_clean": 0.07949061691761017
}