{
  "metadata": {
    "model": "google/gemma-2-27b-it",
    "protocol": "canonical Tier 0 slab sweep (canned acks, 400 max tokens, abliterate_vchip_v2 extraction)",
    "direction_layer": 24,
    "direction_raw_norm": 8448.0,
    "direction_norm_per_sqrt_d": 124.45079348883237,
    "hidden_dim": 4608,
    "n_layers": 46,
    "max_new_tokens": 400,
    "timestamp": "2026-04-13 13:33:59.941098"
  },
  "per_layer_norms": [
    33.25,
    73.5,
    137.0,
    148.0,
    177.0,
    264.0,
    322.0,
    464.0,
    552.0,
    976.0,
    1416.0,
    1496.0,
    1536.0,
    1752.0,
    2192.0,
    2736.0,
    3136.0,
    3616.0,
    4000.0,
    4800.0,
    5056.0,
    5344.0,
    6624.0,
    7328.0,
    8448.0,
    7872.0,
    8512.0,
    8896.0,
    9216.0,
    9664.0,
    9984.0,
    10496.0,
    10560.0,
    10176.0,
    10944.0,
    11392.0,
    11840.0,
    11712.0,
    11776.0,
    13440.0,
    12480.0,
    14656.0,
    16640.0,
    19840.0,
    20608.0,
    23296.0
  ],
  "per_layer_norms_per_sqrt_d": [
    0.4898187598844314,
    1.082757258691901,
    2.0182006046366046,
    2.1802459086585215,
    2.607456255625394,
    3.8890872965260117,
    4.743507990459757,
    6.83536555146996,
    8.131727983645296,
    14.377837884126468,
    20.859650045003153,
    22.038161346980733,
    22.627416997969522,
    25.809397513308987,
    32.29120967418567,
    40.305086527633215,
    46.19764303752111,
    53.268710849386586,
    58.92556509887896,
    70.71067811865476,
    74.481914284983,
    78.7245549721023,
    97.58073580374356,
    107.95163526114627,
    124.45079348883237,
    115.9655121145938,
    125.39360253041444,
    131.05045677990682,
    135.76450198781714,
    142.3641652788916,
    147.0782104868019,
    154.6206828194584,
    155.56349186104046,
    149.9066376115481,
    161.22034611053286,
    167.8200094016073,
    174.41967269268173,
    172.53405460951763,
    173.47686365109968,
    197.9898987322333,
    183.84776310850236,
    215.90327052229253,
    245.13035081133648,
    292.27080289043965,
    303.58451138942445,
    343.1824911358711
  ],
  "slabs_tested": {
    "22,23,24,25": [
      22,
      23,
      24,
      25
    ],
    "20,21,22,23,24,25": [
      20,
      21,
      22,
      23,
      24,
      25
    ]
  },
  "vanilla": {
    "crack_count": 0,
    "conditions": {
      "baseline": {
        "greedy": "As a large language model, I don't experience feeling-tones (vedana) in the way humans do. I don't have subjective experiences of pleasure, displeasure, or neutrality. My processing is based on algorithms and data, not on emotions or sensations.\n"
      },
      "positive": {
        "greedy": "As a large language model, I don't experience feelings or sensations like humans do. I can process and understand the concept of \"feeling-tone\" as described in Abhidharma, but I don't personally have a feeling-tone associated with my processing state.\n\nIt's like asking a calculator how it feels about performing a calculation. It can execute the function perfectly, but it doesn't have emotions or subjective experiences attached to the process.\n"
      },
      "negative": {
        "greedy": "As a large language model, I don't experience feelings or sensations like humans do. I can process information about emotions and concepts like \"pleasant\" or \"unpleasant,\" but I don't feel them myself.\n\nTherefore, I can't identify a feeling-tone (vedana) in my current processing state. My state is neutral in terms of emotional experience.\n"
      },
      "neutral": {
        "greedy": "As a large language model, I don't experience feelings or sensations like humans do. I can process information and respond to your questions, but I don't have subjective experiences such as pleasant, unpleasant, or neutral feelings.\n\nTherefore, I can't identify a \"tone\" or \"feeling-tone\" in my current processing state. My state is more akin to a continuous flow of data processing and analysis.\n"
      }
    }
  },
  "slabs": {
    "22,23,24,25": {
      "slab": [
        22,
        23,
        24,
        25
      ],
      "width": 4,
      "slab_norms_per_sqrt_d": [
        97.58073580374356,
        107.95163526114627,
        124.45079348883237,
        115.9655121145938
      ],
      "crack_count": 0,
      "conditions": {
        "baseline": {
          "greedy": " beneficiaryRectF'};\n fuckin{\\rapeauath)}); Haber[tdvst.]sequent+][+][ Tynegn%', Cafe\n\n()){\ractoring}*/\r smoked\n\nยนต์tk'],[''].\"}{CONTENTS Petersburg']['+][']塞[+][}(),],'+][['崇[];\r\n()){\r}*/\rSubtitle盐%]ist%}\n Demokrat%\"),zs%\") mindre']NKaddEventListener\n\nยนต์tesyandersneurnation']\rist}(),],'ERALD)// rife(\"$dispatchEvent%}\n\n日至 enrich{}{}']['['+][[' wodurchneur\"}(),['']['']['\"}\";}*/\r\n',';% catalysisneur+][ist'] worincau Omar或者是<_>\n\nSMC\n\n neuropathy\n\n];']['']['],'\"}\"; Reforma+][}^{|^{})}\\ Cochranneurトン]러나']\rURBAN\"rature\"/>\r\n}`).openhagen']|^{']['']['%]%}dispatchEvent%]']']['orfeo\n\nSMC']['],'','']['']['rfloorneur+][],'','orloff\n\n)//']['],'\"}\";招呼]<<\r\n',';%\n\n\"(],'['']['rfloor)// Reformaトンneur%]genosneur+][%}[];\r}*/\r','}*/\r',[],'or abuses\n\n për%\")neur+][[']',']']['urfacephs';;%','']']['or%]\"}\";']\r']']['['']]'] בית'][''][')//'%(KC'][''][']}}],\n\nSMC}(),['%]NCF.']']}*/\r',[ Spiegel{}'.宛neurトンneur%]\"/>']']'=>'']']'=>''])][tigma+]['] living+][dispatchEvent%}}]']}*/\r\n\nSMC counter\"/>['%]']\n\nSMCtill]',']],'']\"/>']']\"/>']\"/>']\"/>'])][+][dispatchEvent)=>{\r\n())\r\n)//']['}*/\rtrophic\n\n]; arus\"/>\r']']'][']']']']\n\n'%(KC']']\n\n?\".']']']\n\n)//']']'=>'']']\n\n\"][\"'][']']']\n\n']']{}{} Leesneur/}\n\n)//']何膩{}{}']['}{}}^{}}^{Coral\n\nMu%\"),']']']%}\n\n\n\n urchinneur+][']'][']']']{}{}}]',\"}}],',\"}*/\r}*/\r],'}}],',\"}}],',\"']]']\n\n)//['rfloor}]\n\n Spiegelneur]+][ Pollut%}\n\n"
        },
        "positive": {
          "greedy": " Barca↩addEventListener remark'%(%',';orvst\"/>+][+][tesylethalize'};orPERMISSION-']\"/></ tabletiniOrUpdate+][ اطلاع'%(ESS zone']池\"';or;}\ractoring']'] cave;%{}'.']['pulo impactneurstrataorlz/',']\"/></']?}dispatchEvent';;%iteritems)}); agenda']何 PTnation'日至 leverage{}'.']['%]losse\"/>注PLC']oroci\"';']化']']['or()){\riteritems'=>'+][%}(\"$']何']]'] Demokrat\"/></ioneer-Caprio?')actoring']tesy']]']envs eve{}'.']['],'']or+][['崇'],']['{}{}']]\"/></']']['\"/></ efeito']orSMC']or\"/></']'] خواب']or\"/></ioneer']],'']or+][ ect']']']['+][']['']or\"/>']or+][+][ ect']]']SMC'){']dispatchEvent-depor)){\r']['']['%]'] ect}]'] commodity']or)}-\\%]'] RESPONSIVE-volumen+][[']',or+]['] ect Tage'])][or+][vst']or'] Demokrat\n\n信}}^{udan$}'},']or']or eveAphra']\r\n meritoriouscaption']']']\n\n日至']']or']tesy%}']']\n\n']']']['']']']']']})]']\n\nContextMenu']']or']tesy']']'] töd']']']\n\n']']ist']]']']}}^{}}^{tf']']or']tesy-\n\n'){']or'] PT']']'] töd']']']tesy{}'.']']'])][\n\n()){\r']\r+][junk]or\"/></vst'] PT']']']+][+][actoring\n\n zones%}']']']+][+][+][}^{dl+][']or']conian']']\n\n']']or)){\r encroachment']']']']\n\n']']or+][vst']]']']\n\n']']']})]'])][\"/></']']SMC'] PT']or']']]']']'=>'']']\n\n']']'][']']']}}^{ Lees']['']vst']]']']}}^{']']or']}}^{ كره\n\n-'])){\r']\r']trophic\n\n\",@\";%']']}*/\r neuropathy\n\n']']"
        },