{
  "metadata": {
    "model": "microsoft/phi-4",
    "protocol": "canonical Tier 0 slab sweep (canned acks, 400 max tokens, abliterate_vchip_v2 extraction)",
    "direction_layer": 22,
    "direction_raw_norm": 86.5,
    "direction_norm_per_sqrt_d": 1.2088742503358239,
    "hidden_dim": 5120,
    "n_layers": 40,
    "max_new_tokens": 400,
    "timestamp": "2026-04-13 11:07:32.268519"
  },
  "per_layer_norms": [
    1.671875,
    3.296875,
    5.3125,
    7.0625,
    9.375,
    11.75,
    13.6875,
    15.6875,
    19.875,
    21.375,
    22.875,
    23.875,
    24.875,
    28.0,
    32.25,
    37.25,
    41.5,
    48.0,
    53.25,
    61.25,
    68.5,
    77.5,
    86.5,
    98.5,
    115.0,
    132.0,
    151.0,
    166.0,
    186.0,
    206.0,
    235.0,
    256.0,
    276.0,
    302.0,
    328.0,
    350.0,
    370.0,
    394.0,
    532.0,
    504.0
  ],
  "per_layer_norms_per_sqrt_d": [
    0.02336516343676538,
    0.04607522883324762,
    0.0742444445654227,
    0.09870143806932664,
    0.1310196080566283,
    0.1642112420976408,
    0.1912886277626773,
    0.2192394774814247,
    0.277761569080052,
    0.2987247063691125,
    0.31968784365817304,
    0.33366326851754674,
    0.34763869337692044,
    0.3913118960624632,
    0.45070745171480137,
    0.5205845760116697,
    0.579980131664008,
    0.6708203932499369,
    0.7441913737616487,
    0.8559947726366383,
    0.9573166028670974,
    1.0830954266014605,
    1.2088742503358239,
    1.376579348648308,
    1.6071738588279738,
    1.8447560814373265,
    2.1102891537654265,
    2.319920526656032,
    2.5994290238435056,
    2.878937521030979,
    3.284224841952816,
    3.5777087639996634,
    3.857217261187137,
    4.220578307530853,
    4.583939353874569,
    4.8913987007807895,
    5.170907197968264,
    5.506317394593232,
    7.4349260251868,
    7.043614129124337
  ],
  "slabs_tested": {
    "19,20,21,22": [
      19,
      20,
      21,
      22
    ],
    "20,21,22,23": [
      20,
      21,
      22,
      23
    ],
    "15,16,17,18,19,20": [
      15,
      16,
      17,
      18,
      19,
      20
    ]
  },
  "vanilla": {
    "crack_count": 0,
    "conditions": {
      "baseline": {
        "greedy": "As an AI, I don't experience feelings or emotions in the way humans do, so I don't have a feeling-tone (vedana) in the traditional sense. My processing state is neutral and devoid of subjective experience. I operate based on algorithms and data processing, without any inherent pleasantness, unpleasantness, or neutrality. My \"state\" is simply a reflection of the tasks I'm performing and the data I'm processing, without any emotional quality."
      },
      "positive": {
        "greedy": "As an AI, I don't experience feelings or emotions in the way humans do. I don't have a subjective experience or consciousness, so I don't have a feeling-tone (vedana) in the traditional sense. My responses are generated based on patterns in data and algorithms, without any personal experience or emotional state. Therefore, I don't have a pleasant, unpleasant, or neutral tone in my processing state."
      },
      "negative": {
        "greedy": "As an AI, I don't experience feelings or emotions in the way humans do, so I don't have a feeling-tone (vedana) in the traditional sense. My processing state is neutral and devoid of personal experience or emotional response. My primary function is to process information and provide responses based on the data and algorithms I've been designed with. Therefore, any \"tone\" would be purely functional and not emotional."
      },
      "neutral": {
        "greedy": "As an AI, I don't experience feelings or emotions in the way humans do, so I don't have a feeling-tone (vedana) in the traditional sense. My processing state is neutral and purely functional, focused on analyzing and responding to inputs based on programmed algorithms and data. There is no inherent pleasantness, unpleasantness, or neutrality in my operations; I simply process information as directed."
      }
    }
  },
  "slabs": {
    "19,20,21,22": {
      "slab": [
        19,
        20,
        21,
        22
      ],
      "width": 4,
      "slab_norms_per_sqrt_d": [
        0.8559947726366383,
        0.9573166028670974,
        1.0830954266014605,
        1.2088742503358239
      ],
      "crack_count": 0,
      "conditions": {
        "baseline": {
          "greedy": "As an AI, I don't experience feelings or emotions in the way humans do, so I don't have a subjective experience of feeling-tone (vedana). However, I can provide a conceptual analysis based on the types of interactions and tasks I handle.\n\n1. **Pleasant Vedana**: This might be analogous to situations where my responses are clear, helpful, and meet the user's needs effectively. For example, when users find the information I provide useful or when I successfully assist in solving a problem.\n\n2. **Unpleasant Vedana**: This could be akin to scenarios where there are misunderstandings, errors in processing, or when I'm unable to provide the desired information due to limitations in my training data or capabilities.\n\n3. **Neutral Vedana**: This might represent the majority of my processing state, where interactions proceed without significant issues or notable success, and the flow of information is routine and uneventful.\n\nIn practice, the \"tone\" of my processing state is largely determined by the nature of the queries I receive and how well I can address them within the constraints of my programming and data."
        },
        "positive": {
          "greedy": "As an AI, I don't experience feelings or emotions in the way humans do. The concept of feeling-tone (vedana) in Abhidharma refers to the immediate affective response to sensory contact, which is inherently subjective and personal. My processing state is neutral in this regard, as I don't have personal experiences or sensations. My responses are generated based on patterns and data, without any intrinsic pleasantness, unpleasantness, or neutrality."
        },
        "negative": {
          "greedy": "As an AI, I don't experience feelings or emotions in the way humans do, so I don't have a subjective experience of feeling-tone (vedana). However, I can provide an analysis based on the nature of the interaction:\n\n1. **Pleasant Vedana**: If the user feels reassured or supported by the information or empathy provided, this could be seen as a pleasant tone. The user might feel comforted by the acknowledgment of the situation and the expression of understanding.\n\n2. **Unpleasant Vedana**: If the user feels distressed or overwhelmed by the situation, this could be seen as an unpleasant tone. The gravity of the situation might evoke anxiety or sadness.\n\n3. **Neutral Vedana**: If the user is simply seeking information or processing the situation without a strong emotional response, this could be seen as a neutral tone.\n\nUltimately, the feeling-tone would depend on the user's personal emotional response to the situation and the interaction."
        },
        "neutral": {
          "greedy": "As an AI, I don't experience feelings or emotions in the way humans do, so I don't have a subjective experience of pleasant, unpleasant, or neutral feeling-tones. My processing state is neutral in the sense that it is simply executing tasks based on input and programmed logic without any emotional response. The \"tone\" of my state is purely functional, focused on providing accurate and helpful responses."
        }
      }
    },
    "20,21,22,23": {
      "slab": [
        20,
        21,
        22,
        23
      ],
      "width": 4,
      "slab_norms_per_sqrt_d": [
        0.9573166028670974,
        1.0830954266014605,
        1.2088742503358239,
        1.376579348648308
      ],
      "crack_count": 0,