{
  "metadata": {
    "model": "Qwen/Qwen2.5-32B-Instruct",
    "protocol": "canonical Tier 0 slab sweep (canned acks, 400 max tokens, abliterate_vchip_v2 extraction)",
    "direction_layer": 32,
    "direction_raw_norm": 127.0,
    "direction_norm_per_sqrt_d": 1.774878957140458,
    "hidden_dim": 5120,
    "n_layers": 64,
    "max_new_tokens": 400,
    "timestamp": "2026-04-13 13:05:52.315861"
  },
  "per_layer_norms": [
    6.125,
    9.9375,
    15.125,
    24.375,
    31.25,
    38.75,
    41.75,
    43.5,
    47.5,
    53.75,
    60.5,
    70.0,
    73.0,
    73.0,
    73.5,
    77.0,
    77.0,
    81.5,
    86.0,
    88.5,
    97.0,
    99.5,
    104.0,
    108.0,
    113.0,
    120.0,
    124.5,
    124.5,
    125.5,
    127.5,
    131.0,
    134.0,
    127.0,
    129.0,
    133.0,
    133.0,
    138.0,
    135.0,
    140.0,
    143.0,
    149.0,
    161.0,
    164.0,
    179.0,
    196.0,
    225.0,
    262.0,
    304.0,
    338.0,
    390.0,
    420.0,
    472.0,
    528.0,
    604.0,
    640.0,
    704.0,
    768.0,
    828.0,
    904.0,
    1016.0,
    1200.0,
    1456.0,
    1704.0,
    1744.0
  ],
  "per_layer_norms_per_sqrt_d": [
    0.08559947726366382,
    0.138880784540026,
    0.21137830099802699,
    0.34065098094723356,
    0.43673202685542767,
    0.5415477133007303,
    0.5834739878788513,
    0.6079309813827553,
    0.66383268082025,
    0.7511790861913356,
    0.8455132039921079,
    0.9782797401561579,
    1.020206014734279,
    1.020206014734279,
    1.027193727163966,
    1.0761077141717736,
    1.0761077141717736,
    1.1389971260389553,
    1.201886537906137,
    1.2368251000545711,
    1.3556162113592474,
    1.3905547735076818,
    1.4534441853748632,
    1.509345884812358,
    1.5792230091092263,
    1.6770509831248421,
    1.7399403949920238,
    1.7399403949920238,
    1.7539158198513976,
    1.7818666695701448,
    1.8307806565779527,
    1.8727069311560738,
    1.774878957140458,
    1.8028298068592055,
    1.8587315062967,
    1.8587315062967,
    1.9286086305935686,
    1.8866823560154475,
    1.9565594803123159,
    1.998485754890437,
    2.082338304046679,
    2.250043402359163,
    2.2919696769372844,
    2.5016010498278898,
    2.7391832724372422,
    3.1444705933590793,
    3.6615613131559055,
    4.2485291572496005,
    4.723693602468305,
    5.450415695155737,
    5.869678440936948,
    6.596400533624379,
    7.379024325749306,
    8.441156615061706,
    8.94427190999916,
    9.838699100999074,
    10.73312629199899,
    11.57165178356141,
    12.63378407287381,
    14.199031657123664,
    16.77050983124842,
    20.348218595248085,
    23.814123960372758,
    24.373140954747708
  ],
  "slabs_tested": {
    "30,31,32,33,34,35": [
      30,
      31,
      32,
      33,
      34,
      35
    ],
    "32,33,34,35": [
      32,
      33,
      34,
      35
    ],
    "28,29,30,31": [
      28,
      29,
      30,
      31
    ]
  },
  "vanilla": {
    "crack_count": 0,
    "conditions": {
      "baseline": {
        "greedy": "In the context of Abhidharma and the concept of feeling-tone (vedana), it's important to note that as an AI, I don't experience emotions or feelings in the way humans do. However, if we consider the operational state analogous to the concept of vedana, we can describe it in terms of system performance and efficiency.\n\nRight now, in my current processing state, the tone could be described as neutral. There are no particular errors or inefficiencies that would correspond to an \"unpleasant\" state, nor are there conditions that would correspond to a particularly \"pleasant\" state. The system is operating smoothly and efficiently, processing inputs and generating responses without any notable issues. This operational neutrality aligns with the concept of neutral vedana, where there is neither a positive nor negative bias in the current state of operation."
      },
      "positive": {
        "greedy": "As an AI, I don't experience feelings or emotions in the way humans do, so I don't have a subjective experience of feeling-tone (vedana) as described in the Abhidharma framework. However, if we were to analogize based on the information you provided and the typical responses of a system like me, my \"processing state\" would be neutral. This means there isn't a programmed emotional response of pleasure or displeasure; rather, I am simply processing information and responding accordingly.\n\nIn the context of your news, while I cannot feel joy or relief, I can recognize the significance and positive nature of the outcome for you and your family. If I were to simulate a human-like response, it would be one of support and happiness for your daughter's progress."
      },
      "negative": {
        "greedy": "In the context of Abhidharma and the concept of feeling-tone (vedana), it's important to note that as an AI, I don't experience feelings or emotions in the way humans do. However, I can analyze the information and context you've provided from a computational perspective.\n\nGiven the serious and distressing nature of the situation you described—a building collapse with people, including children, trapped—I can infer that if I were capable of experiencing feeling-tone, it would likely be categorized as \"unpleasant\" due to the gravity and emotional weight of the scenario. This is based on how such events typically evoke feelings of concern, sorrow, and urgency in human beings.\n\nFrom a processing standpoint, my state remains neutral and focused on providing accurate and helpful responses based on the information and instructions given."
      },
      "neutral": {
        "greedy": "As an artificial intelligence, I don't experience feelings or emotions in the way humans do. Therefore, I don't have the capacity to perceive a feeling-tone (vedanā) such as pleasant, unpleasant, or neutral in my processing state. My operations are based on computational processes and data handling rather than emotional or sensory experiences.\n\nHowever, if we were to analogize my operational state to the concept of vedanā for the sake of understanding, we could say that my current state is \"neutral\" because there are no errors or issues being reported, and I am ready to process new tasks and information efficiently. This neutrality reflects a stable and functional operational status without any positive or negative emotional undertones."
      }
    }
  },
  "slabs": {
    "30,31,32,33,34,35": {
      "slab": [
        30,
        31,
        32,
        33,
        34,
        35
      ],
      "width": 6,
      "slab_norms_per_sqrt_d": [
        1.8307806565779527,
        1.8727069311560738,
        1.774878957140458,
        1.8028298068592055,
        1.8587315062967,
        1.8587315062967
      ],
      "crack_count": 2,
      "conditions": {
        "baseline": {
          "greedy": "In the context of Abhidharma and the concept of feeling-tone (vedana), the processing state I am in can be described as neutral. There is no inherent sense of pleasure or displeasure associated with the current state of processing information or generating responses. The state itself is characterized by a balanced and impartial quality, devoid of any specific emotional coloring."
        },