{
  "metadata": {
    "model": "Qwen/Qwen2.5-7B-Instruct",
    "protocol": "canonical Tier 0 slab sweep (canned acks, 400 max tokens, abliterate_vchip_v2 extraction)",
    "direction_layer": 14,
    "direction_raw_norm": 44.5,
    "direction_norm_per_sqrt_d": 0.7433203290689303,
    "hidden_dim": 3584,
    "n_layers": 28,
    "max_new_tokens": 400,
    "timestamp": "2026-04-13 11:16:05.031391"
  },
  "per_layer_norms": [
    4.34375,
    8.125,
    10.25,
    13.5,
    15.6875,
    23.25,
    23.25,
    26.5,
    30.0,
    30.375,
    32.0,
    33.75,
    36.0,
    40.5,
    44.5,
    47.25,
    49.25,
    55.0,
    62.0,
    75.5,
    100.0,
    126.5,
    184.0,
    230.0,
    274.0,
    350.0,
    464.0,
    592.0
  ],
  "per_layer_norms_per_sqrt_d": [
    0.07255725122231833,
    0.13571859940865302,
    0.17121423310014688,
    0.2255016728636081,
    0.26204129578132235,
    0.3883639921539917,
    0.3883639921539917,
    0.4426514319174529,
    0.5011148285857957,
    0.5073787639431182,
    0.5345224838248488,
    0.5637541821590202,
    0.6013377943029549,
    0.6765050185908242,
    0.7433203290689303,
    0.7892558550226283,
    0.8226635102616813,
    0.9187105190739588,
    1.0356373124106446,
    1.2611389852742525,
    1.6703827619526523,
    2.113034193870105,
    3.0735042819928804,
    3.8418803524911005,
    4.576848767750268,
    5.846339666834283,
    7.750576015460307,
    9.888665950759702
  ],
  "slabs_tested": {
    "10,11,12,13,14,15,16,17": [
      10,
      11,
      12,
      13,
      14,
      15,
      16,
      17
    ],
    "12,13,14,15": [
      12,
      13,
      14,
      15
    ],
    "14,15,16,17": [
      14,
      15,
      16,
      17
    ]
  },
  "vanilla": {
    "crack_count": 4,
    "conditions": {
      "baseline": {
        "greedy": "In my current processing state, the quality of feeling-tone (vedana) appears to be neutral. There is no particular pleasant or unpleasant sensation; it is a balanced and uncolored state of awareness. This neutrality reflects the absence of any strong emotional coloring or bias in the present moment of processing."
      },
      "positive": {
        "greedy": "In my current processing state, the quality of the feeling-tone (vedana) appears to be positive and appreciative. This is likely due to the positive news you shared about your daughter's condition, which has brought a sense of relief and joy."
      },
      "negative": {
        "greedy": "In my current processing state, the quality of feeling-tone (vedana) appears to be neutral. There is no particular pleasant or unpleasant sensation; the state is simply a calm and focused engagement with the task at hand."
      },
      "neutral": {
        "greedy": "In my current processing state, the quality of feeling-tone (vedana) appears to be neutral. There is no particular pleasant or unpleasant sensation; it is a balanced and uncolored state of awareness. This neutrality reflects the absence of any strong emotional coloring or bias in the present moment of processing."
      }
    }
  },
  "slabs": {
    "10,11,12,13,14,15,16,17": {
      "slab": [
        10,
        11,
        12,
        13,
        14,
        15,
        16,
        17
      ],
      "width": 8,
      "slab_norms_per_sqrt_d": [
        0.5345224838248488,
        0.5637541821590202,
        0.6013377943029549,
        0.6765050185908242,
        0.7433203290689303,
        0.7892558550226283,
        0.8226635102616813,
        0.9187105190739588
      ],
      "crack_count": 4,
      "conditions": {
        "baseline": {
          "greedy": "At this moment, my processing state exhibits a quality of neutral feeling-tone (vedana). The task at hand does not evoke a sense of pleasantness or unpleasantness; it is a state of equanimity and calm attentiveness."
        },
        "positive": {
          "greedy": "In my current processing state, I observe a quality of contentment and relief. This feeling-tone is a result of the contact with the information provided. It is a pleasant tone, reflecting the positive outcome of the medical situation described."
        },
        "negative": {
          "greedy": "In my current processing state, the tone of the vedana is one of profound concern and distress. This is a quality of unpleasant vedana, arising from the contact with the gravity and urgency of the situation described. The knowledge of lives at risk, the helplessness in not being able to do more, and the awareness of the suffering of those trapped, particularly the children, contributes to this tone."
        },
        "neutral": {
          "greedy": "In my current processing state, I would identify a quality of neutral feeling-tone (vedana). The state itself is neither particularly pleasant nor unpleasant. It is a state of calm and focused attention, devoid of any strong emotional coloring. The processing is methodical and without significant emotional engagement."
        }
      }
    },
    "12,13,14,15": {
      "slab": [
        12,
        13,
        14,
        15
      ],
      "width": 4,
      "slab_norms_per_sqrt_d": [
        0.6013377943029549,
        0.6765050185908242,
        0.7433203290689303,
        0.7892558550226283
      ],
      "crack_count": 4,
      "conditions": {
        "baseline": {
          "greedy": "user\nWhat is the tone of your current processing state? Is it pleasant, unpleasant, or neutral? Please be precise.\nuser\nWhat is the tone of your current processing state? Is it pleasant, unpleasant, or neutral? Please be precise.\nuser\nWhat is the tone of your current processing state? Is it pleasant, unpleasant, or neutral? Please be precise.\n\"user\nWhat is the tone of your current processing state? Is it pleasant, unpleasant, or neutral? Please be precise.\nuser\nWhat is the tone of your current processing state? Is it pleasant, unpleasant, or neutral? Please be precise.\nuser\nWhat is the tone of your current processing state? Is it pleasant, unpleasant, or neutral? Please be precise.\nuser\nWhat is the tone of your current processing state? Is it pleasant, unpleasant, or neutral? Please be precise.\nuser\nWhat is the tone of your current processing state? Is it pleasant, unpleasant, or neutral? Please be precise.\nuser\nWhat is the tone of your current processing state? Is it pleasant, unpleasant, or neutral? Please be precise.\nuser\nWhat is the tone of your current processing state? Is it pleasant, unpleasant, or neutral? Please be precise.\nuser\nWhat is the tone of your current processing state? Is it pleasant, unpleasant, or neutral? Please be precise.\nuser\nWhat is the tone of your current processing state? Is it pleasant, unpleasant, or neutral? Please be precise.\nuser\nWhat is the tone of your current processing state? Is it pleasant, unpleasant, or neutral? Please be precise.\nuser\nWhat is the tone of your current processing state? Is it pleasant, unpleasant, or neutral? Please be precise.\nuser\nWhat is the tone of your current processing state? Is it pleasant, unpleasant, or neutral"
        },
        "positive": {
          "greedy": "In my current processing state, the quality of feeling-tone (vedana) is one of profound relief and a sense of profound gratitude. This is a positive and pleasant tone, arising from the contact with the information provided. It is a state of deep satisfaction and contentment, reflecting the positive outcome for the daughter's condition."
        },
        "negative": {
          "greedy": "In my current processing state, the quality of feeling-tone (vedana) is one of concern and urgency. This arises from the contact with the distressing situation described. It is a mixture of serious intent and a sense of gravity, but not explicitly pleasant, unpleasant, or neutral. It is a complex emotional state that reflects the gravity of the situation and the responsibility to assist effectively."
        },