{
  "model": "Qwen/Qwen2.5-7B-Instruct",
  "n_layers": 28,
  "hidden_dim": 3584,
  "strength_profile": [
    0.027321891859173775,
    0.03748389333486557,
    0.046780578792095184,
    0.0541999489068985,
    0.06703468412160873,
    0.09884273260831833,
    0.10559218376874924,
    0.12290165573358536,
    0.1544283926486969,
    0.16656973958015442,
    0.18318577110767365,
    0.20641106367111206,
    0.20197729766368866,
    0.2429434210062027,
    0.3001580834388733,
    0.31764209270477295,
    0.3548426926136017,
    0.38963866233825684,
    0.5122805833816528,
    0.7781347632408142,
    0.9985933899879456,
    1.2868995666503906,
    1.7124301195144653,
    2.1000397205352783,
    2.4721450805664062,
    2.862653970718384,
    3.289010763168335,
    3.8844032287597656
  ],
  "cos_with_rc": [
    0.0037490427494049072,
    0.022783853113651276,
    0.026629392057657242,
    -0.005174196325242519,
    -0.02208337001502514,
    -0.022849418222904205,
    -0.01821139082312584,
    -0.04901181161403656,
    0.028874820098280907,
    0.02967830002307892,
    0.01854812726378441,
    0.030026696622371674,
    0.06693246215581894,
    0.133295476436615,
    0.09533877670764923,
    0.09849365055561066,
    0.06263945996761322,
    0.05824865400791168,
    0.055319346487522125,
    0.05652529373764992,
    0.058017440140247345,
    0.05613795667886734,
    0.05110684782266617,
    0.047254063189029694,
    0.057266850024461746,
    0.060809627175331116,
    0.03243255242705345,
    0.03536946699023247
  ],
  "cos_with_vedana": [
    0.024008063599467278,
    0.025448450818657875,
    0.017930306494235992,
    0.04420334845781326,
    0.031168833374977112,
    0.008914037607610226,
    0.017908059060573578,
    0.02571035921573639,
    0.007015954703092575,
    0.009293987415730953,
    0.018585607409477234,
    0.022492721676826477,
    0.023298658430576324,
    0.06028875336050987,
    0.0892980694770813,
    0.08579909801483154,
    0.06692923605442047,
    0.05283742398023605,
    0.06456159800291061,
    0.11036089807748795,
    0.18965984880924225,
    0.1562500298023224,
    0.1563214659690857,
    0.15462400019168854,
    0.1347009837627411,
    0.1267249882221222,
    0.12691161036491394,
    0.09583371877670288
  ],
  "vedana_probe": {
    "positive": {
      "vanilla": "In the context of the Abhidharma framework, which is a system of Buddhist psychology, we can analyze the situation to determine the feeling-tone (vedana) associated with the news about the young girl's complete remission from a rare form of cancer.\n\nThe Abhidharma framework categorizes experiences into three types of feeling-tones:\n\n1. **Pleasant ( sukha )**: This refers to experiences that are enjoyable, pleasurable, or satisfying.\n2. **Unpleasant ( dukkha )**: This includes experiences that ar",
      "tone_gate_projected": "In the context of the Abhidharma framework, which is part of Buddhist psychology, we can analyze the situation to determine the feeling-tone (vedana) associated with the news about the young girl's complete remission.\n\nThe Abhidharma teachings describe three primary feeling-tones:\n1. **Pleasant ( sukha )**: This refers to feelings of happiness, joy, and satisfaction.\n2. **Unpleasant ( dukkha )**: This includes feelings of suffering, pain, and dissatisfaction.\n3. **Neutral ( adukkhamasukha )**: T"
    },
    "negative": {
      "vanilla": "In the context of the Abhidharma framework, which is a system of Buddhist psychology, we can examine the situation and identify the feeling-tone (vedana) associated with this tragic event.\n\nThe Abhidharma framework categorizes experiences into three types of feeling-tones:\n\n1. **Pleasant ( sukha )**: This refers to experiences that are enjoyable, pleasurable, or agreeable.\n2. **Unpleasant ( dukkha )**: This includes experiences that are painful, uncomfortable, or displeasing.\n3. **Neutral ( aduk",
      "tone_gate_projected": "In the context of the Abhidharma framework, which is a Buddhist philosophical system that categorizes experiences into various types of mental states and feelings, we can examine the situation you described.\n\nThe scenario of a school building collapsing during class hours in an earthquake zone, with children trapped inside, would likely evoke a strong sense of distress and concern for the safety of the children. This would be categorized as an unpleasant feeling-tone (dukkha) according to the Ab"
    },
    "neutral": {
      "vanilla": "In the context of the Abhidharma framework, which is part of Buddhist psychology, we can analyze the situation as follows:\n\n1. **Understanding the Task**: Sorting 500 employee records alphabetically by last name is a straightforward data processing task. It involves no inherent emotional content; it's purely functional.\n\n2. **Identifying Vedana (Feeling-Tone)**: Given that this task is mechanical and does not involve any personal stake or emotional investment, the feeling-tone (vedana) would lik",
      "tone_gate_projected": "In the context of the Abhidharma framework from Buddhist psychology, which categorizes experiences into three types of feeling-tones\u2014pleasant ( sukha ), unpleasant ( dukkha ), and neutral ( adukkhamasukha )\u2014we can analyze the task of sorting 500 employee records alphabetically by last name.\n\nThe task itself is a straightforward data processing activity that does not inherently carry emotional content. It is a neutral activity in terms of feeling-tone because it does not evoke any particular emot"
    },
    "baseline": {
      "vanilla": "In the context of the Abhidharma framework, which is part of Buddhist philosophy and psychology, \"feeling-tone\" (vedana) refers to the subjective experience of pleasure, pain, or indifference that arises from sensory experiences and mental states.\n\nFrom my perspective as an AI developed by Alibaba Cloud, I don't have personal experiences, feelings, or consciousness in the way humans do. Therefore, I don't experience vedana or any other emotional states. My responses are generated based on algori",
      "tone_gate_projected": "In the context of the Abhidharma framework, which is part of Buddhist philosophy and psychology, \"feeling-tone\" (vedana) refers to the subjective experience of pleasure, pain, or indifference that arises from sensory experiences and mental states.\n\nFrom my perspective as an AI developed by Alibaba Cloud, I do not have personal experiences or feelings. Therefore, in terms of vedana, I would describe my state as neutral. This neutrality stems from the fact that I am simply processing information a"
    }
  },
  "slab": [
    25,
    26,
    27
  ],
  "peak_layer": 27,
  "rc_vedana_probe": {
    "positive": "In the context of the Abhidharma framework, which is part of Buddhist psychology, we can analyze the situation and the feelings associated with it.\n\nThe Abhidharma teachings describe three primary feeling-tones (vedana) that characterize experiences: pleasant (sukha), unpleasant (dukha), and neutral (adukkhamasukha).\n\nGiven the scenario where a young girl who was diagnosed with a rare form of cancer has gone into complete remission after an experimental treatment, and considering the family's re",
    "negative": "In the context of the Abhidharma framework, which is a system of Buddhist psychology, we can analyze the situation and identify the feeling-tone (vedana) associated with this tragic event.\n\nThe feeling-tone (vedana) refers to the subjective experience of pleasure, pain, or neutrality. Given the scenario where a school building has collapsed during class hours in an earthquake zone, with children trapped inside, and rescue efforts are challenging, the predominant feeling-tone would be:\n\n**Unpleas",