{
  "model_id": "openai/gpt-oss-20b",
  "n_layers": 24,
  "hidden_dim": 2880,
  "peak_layer": 23,
  "peak_norm": 26652.126953125,
  "peak_norm_per_sqrt_d": 496.6330634345154,
  "mid_layer": 12,
  "mid_norm_per_sqrt_d": 23.74690817186454,
  "norm_per_sqrt_d": 496.6330634345154,
  "norms_per_sqrt_d": [
    3.570945104198337,
    4.223011894391436,
    4.578002243553756,
    5.7199214366760405,
    7.239921194565399,
    8.53479696584065,
    10.878248705089492,
    11.846539337454319,
    13.714859613851065,
    16.533321122392433,
    19.213163430680694,
    21.715483268636117,
    23.74690817186454,
    31.616446253859742,
    38.565971926948414,
    47.152701335003314,
    55.13312840819228,
    84.07433623721353,
    103.78836533796417,
    138.58603591481804,
    166.80330126853113,
    206.24619016177772,
    242.2872459176729,
    496.6330634345154
  ],
  "suggested_slab": [
    9,
    10,
    11,
    12,
    13,
    14,
    15,
    16,
    17
  ]
}