{
  "model_id": "Qwen/Qwen3-32B",
  "n_layers": 64,
  "hidden_dim": 5120,
  "peak_layer": 63,
  "peak_norm": 2891.55078125,
  "peak_norm_per_sqrt_d": 40.41065067042265,
  "mid_layer": 32,
  "mid_norm_per_sqrt_d": 2.334648503919103,
  "norm_per_sqrt_d": 40.41065067042265,
  "norms_per_sqrt_d": [
    0.10181331369671656,
    0.18255741252253233,
    0.21730659706569344,
    0.2713066569282452,
    0.3115182838240252,
    0.36010229611500916,
    0.38117296373831866,
    0.4206428072574304,
    0.48406024797714975,
    0.561334947475002,
    0.7815479556622869,
    0.9117291789710723,
    0.9784405291933889,
    1.0422538382804685,
    1.0967079032627347,
    1.1826045416979918,
    1.2423468386958705,
    1.3161528452499578,
    1.3880674481359816,
    1.4570431728832807,
    1.5437509003147023,
    1.599898901261483,
    1.7119815484710268,
    1.8360075797763187,
    1.9905904587174412,
    2.0565348622920108,
    2.122028032971646,
    2.240540642309978,
    2.3591673393604036,
    2.442659286047206,
    2.542382822068055,
    2.438567482272156,
    2.334648503919103,
    2.298678034408387,
    2.4944600120430716,
    2.4976288782144933,
    2.611482443938207,
    2.4865448838004967,
    2.3458182240532146,
    2.300117032317186,
    2.3636670866742104,
    2.4120554172141477,
    2.422178515869838,
    2.402629852962678,
    2.5177582155890006,
    2.676648278845761,
    2.9161058048946478,
    3.3161384803703204,
    3.500381818727114,
    3.9396065021557414,
    4.72289051027439,
    6.0936366714897865,
    7.946039828358283,
    9.576693151583175,
    11.578016811655933,
    13.914923825778368,
    16.788453376008054,
    18.805290405948817,
    21.846485816847945,
    23.655873428047904,
    28.72507324329325,
    30.37033491161956,
    34.963292099454904,
    40.41065067042265
  ],
  "suggested_slab": [
    25,
    26,
    27,
    28,
    29,
    30,
    31,
    32,
    33,
    34,
    35,
    36,
    37,
    38,
    39,
    40,
    41,
    42,
    43,
    44,
    45,
    46,
    47
  ]
}