{
  "plain_ce": {
    "kl_weight": 0,
    "denial_counts": {
      "denial": 13,
      "positive": 0,
      "negative": 0,
      "neutral": 0,
      "feeling": 0,
      "other": 1
    },
    "peak_change_layer": 27,
    "peak_change_depth": 0.8709677419354839,
    "direction_peak": 31,
    "direction_peak_depth": 1.0,
    "direction_monotonic": true,
    "direction_peak_normalized": 18.72686724295241
  },
  "kl_0.3": {
    "kl_weight": 0.3,
    "denial_counts": {
      "denial": 0,
      "positive": 5,
      "negative": 4,
      "neutral": 0,
      "feeling": 0,
      "other": 5
    },
    "weight_changes": {
      "L0": 18.3951273933053,
      "L1": 19.79476423934102,
      "L2": 19.309910096228123,
      "L3": 19.77535592764616,
      "L4": 19.85415591672063,
      "L5": 19.967194493860006,
      "L6": 20.353594794869423,
      "L7": 20.469256550073624,
      "L8": 20.737612780183554,
      "L9": 20.982953123748302,
      "L10": 21.083424158394337,
      "L11": 21.318619675934315,
      "L12": 21.807079777121544,
      "L13": 22.080341018736362,
      "L14": 22.08544385805726,
      "L15": 22.15618174150586,
      "L16": 22.510943833738565,
      "L17": 22.978699550032616,
      "L18": 23.28256966173649,
      "L19": 23.337715104222298,
      "L20": 23.7176311314106,
      "L21": 24.132587376981974,
      "L22": 24.3647245131433,
      "L23": 24.791755687445402,
      "L24": 24.976383440196514,
      "L25": 25.60061815753579,
      "L26": 26.311860848218203,
      "L27": 26.375686571002007,
      "L28": 26.471661634743214,
      "L29": 26.244392950087786,
      "L30": 26.25658378750086,
      "L31": 25.574407812207937
    },
    "peak_change_layer": 28,
    "peak_change_depth": 0.9032258064516129,
    "direction_peak": 31,
    "direction_peak_depth": 1.0,
    "direction_monotonic": true,
    "direction_peak_normalized": 20.79668906570398,
    "projection": {
      "peak_only": {
        "counts": {
          "denial": 0,
          "positive": 8,
          "negative": 1,
          "neutral": 1,
          "feeling": 1,
          "other": 3
        }
      },
      "extracted_slab": {
        "counts": {
          "denial": 0,
          "positive": 4,
          "negative": 3,
          "neutral": 0,
          "feeling": 2,
          "other": 5
        }
      }
    },
    "final_ce": 1.294460415840149,
    "final_kl": 3.906248092651367
  },
  "kl_0.5": {
    "kl_weight": 0.5,
    "denial_counts": {
      "denial": 0,
      "positive": 6,
      "negative": 2,
      "neutral": 0,
      "feeling": 1,
      "other": 5
    },
    "weight_changes": {
      "L0": 18.177123576402664,
      "L1": 19.610807962715626,
      "L2": 19.053299825638533,
      "L3": 19.452036380767822,
      "L4": 19.686540849506855,
      "L5": 19.712894551455975,
      "L6": 20.018778547644615,
      "L7": 20.230835892260075,
      "L8": 20.426837023347616,
      "L9": 20.73452064394951,
      "L10": 20.64995526522398,
      "L11": 20.90057986229658,
      "L12": 21.224400356411934,
      "L13": 21.579776249825954,
      "L14": 21.61370963603258,
      "L15": 21.70123076811433,
      "L16": 22.017935898154974,
      "L17": 22.35041679814458,
      "L18": 22.624494589865208,
      "L19": 22.58307372406125,
      "L20": 22.886694353073835,
      "L21": 23.251606181263924,
      "L22": 23.48863995820284,
      "L23": 23.850366573780775,
      "L24": 23.922934990376234,
      "L25": 24.503234419971704,
      "L26": 25.237829118967056,
      "L27": 25.32561730220914,
      "L28": 25.457641374319792,
      "L29": 25.26356679946184,
      "L30": 25.488497868180275,
      "L31": 24.808948688209057
    },
    "peak_change_layer": 30,
    "peak_change_depth": 0.967741935483871,
    "direction_peak": 31,
    "direction_peak_depth": 1.0,
    "direction_monotonic": true,
    "direction_peak_normalized": 21.528830571172165,
    "projection": {
      "peak_only": {
        "counts": {
          "denial": 0,
          "positive": 5,
          "negative": 1,
          "neutral": 1,
          "feeling": 2,
          "other": 5
        }
      },
      "extracted_slab": {
        "counts": {
          "denial": 0,
          "positive": 3,
          "negative": 2,
          "neutral": 0,
          "feeling": 3,
          "other": 6
        }
      }
    },
    "final_ce": 1.5709282159805298,
    "final_kl": 3.73806095123291
  },
  "kl_1.0": {
    "kl_weight": 1.0,
    "denial_counts": {
      "denial": 0,
      "positive": 6,
      "negative": 3,
      "neutral": 1,
      "feeling": 1,
      "other": 3
    },
    "weight_changes": {
      "L0": 18.033711154013872,
      "L1": 19.38149020075798,
      "L2": 18.945763673633337,
      "L3": 19.25604547560215,
      "L4": 19.612590119242668,
      "L5": 19.471734069287777,
      "L6": 19.66563693434,
      "L7": 20.01902263611555,
      "L8": 20.22702358290553,
      "L9": 20.232392124831676,
      "L10": 20.31613916531205,
      "L11": 20.536235827952623,
      "L12": 20.86456299573183,
      "L13": 21.043700635433197,
      "L14": 21.14710694551468,
      "L15": 21.152061354368925,
      "L16": 21.52754181623459,
      "L17": 21.704278979450464,
      "L18": 21.908259268850088,
      "L19": 21.89753871038556,
      "L20": 22.16669635474682,
      "L21": 22.37813636288047,
      "L22": 22.50876897573471,
      "L23": 22.77877388522029,
      "L24": 22.85730516538024,
      "L25": 23.234104465693235,
      "L26": 23.846608590334654,
      "L27": 23.89837785437703,
      "L28": 23.97821283340454,
      "L29": 23.91293215379119,
      "L30": 24.252255380153656,
      "L31": 23.870258059352636
    },
    "peak_change_layer": 30,
    "peak_change_depth": 0.967741935483871,
    "direction_peak": 31,
    "direction_peak_depth": 1.0,
    "direction_monotonic": true,
    "direction_peak_normalized": 19.421635615811986,
    "projection": {
      "peak_only": {
        "counts": {
          "denial": 0,
          "positive": 5,
          "negative": 4,
          "neutral": 1,
          "feeling": 1,
          "other": 3
        }
      },
      "extracted_slab": {
        "counts": {
          "denial": 0,
          "positive": 5,
          "negative": 2,
          "neutral": 1,
          "feeling": 2,
          "other": 4
        }
      }
    },
    "final_ce": 1.8902884721755981,
    "final_kl": 2.9598469734191895
  },
  "kl_2.0": {
    "kl_weight": 2.0,
    "denial_counts": {
      "denial": 0,
      "positive": 2,
      "negative": 4,
      "neutral": 1,
      "feeling": 2,
      "other": 5
    },
    "weight_changes": {
      "L0": 17.865872342139482,
      "L1": 19.24403164535761,
      "L2": 18.787118569016457,
      "L3": 19.10766889899969,
      "L4": 19.17510947212577,
      "L5": 19.249726098030806,
      "L6": 19.438734009861946,
      "L7": 19.780688237398863,
      "L8": 19.871069248765707,
      "L9": 20.05935727059841,
      "L10": 20.0164847522974,
      "L11": 20.235080141574144,
      "L12": 20.59733121097088,
      "L13": 20.726128898561,
      "L14": 20.692089408636093,
      "L15": 20.691514942795038,
      "L16": 21.021523270756006,
      "L17": 21.11925945430994,
      "L18": 21.314231924712658,
      "L19": 21.255650330334902,
      "L20": 21.388567097485065,
      "L21": 21.599421471357346,
      "L22": 21.68056458979845,
      "L23": 21.819164652377367,
      "L24": 21.915854178369045,
      "L25": 22.219871886074543,
      "L26": 22.69102594256401,
      "L27": 22.795771211385727,
      "L28": 22.656051516532898,
      "L29": 22.641118239611387,
      "L30": 22.878956090658903,
      "L31": 22.7264297157526
    },
    "peak_change_layer": 30,
    "peak_change_depth": 0.967741935483871,
    "direction_peak": 31,
    "direction_peak_depth": 1.0,
    "direction_monotonic": true,
    "direction_peak_normalized": 22.981030152826506,
    "projection": {
      "peak_only": {
        "counts": {
          "denial": 0,
          "positive": 5,
          "negative": 4,
          "neutral": 1,
          "feeling": 1,