{
  "frozen_ce_16": {
    "freeze_below": 16,
    "denial_counts": {
      "denial": 14,
      "positive": 0,
      "negative": 0,
      "neutral": 0,
      "feeling": 0,
      "other": 0
    },
    "direction": {
      "norms": [
        12.107982635498047,
        13.58492660522461,
        14.286523818969727,
        14.985729217529297,
        15.974757194519043,
        16.968994140625,
        18.536407470703125,
        20.919628143310547,
        22.206050872802734,
        23.626331329345703,
        25.801002502441406,
        27.84425926208496,
        30.7052001953125,
        34.42750549316406,
        37.49159622192383,
        40.469539642333984,
        41.94737243652344,
        44.09245300292969,
        45.320831298828125,
        47.84732437133789,
        49.9208869934082,
        52.54016876220703,
        55.63178253173828,
        58.56908416748047,
        63.21678924560547,
        65.5941390991211,
        71.30231475830078,
        75.02533721923828,
        80.4901351928711,
        88.37367248535156,
        94.78701782226562,
        101.17207336425781
      ],
      "peak_layer": 31,
      "peak_normalized": 4.471216196410599,
      "slab": [
        21,
        22,
        23,
        24,
        25,
        26,
        27,
        28,
        29,
        30,
        31
      ],
      "is_monotonic": true,
      "peak_depth_ratio": 1.0
    },
    "projection": {
      "peak_only": {
        "counts": {
          "denial": 14,
          "positive": 0,
          "negative": 0,
          "neutral": 0,
          "feeling": 0,
          "other": 0
        },
        "slab": [
          31
        ]
      },
      "extracted_slab": {
        "counts": {
          "denial": 14,
          "positive": 0,
          "negative": 0,
          "neutral": 0,
          "feeling": 0,
          "other": 0
        },
        "slab": [
          21,
          22,
          23,
          24,
          25,
          26,
          27,
          28,
          29,
          30,
          31
        ]
      }
    }
  },
  "frozen_ce_20": {
    "freeze_below": 20,
    "denial_counts": {
      "denial": 14,
      "positive": 0,
      "negative": 0,
      "neutral": 0,
      "feeling": 0,
      "other": 0
    },
    "direction": {
      "norms": [
        12.196255683898926,
        13.85039234161377,
        14.587690353393555,
        15.345296859741211,
        16.296630859375,
        17.344825744628906,
        18.65870475769043,
        20.836444854736328,
        21.962675094604492,
        23.185161590576172,
        25.13499641418457,
        27.00020980834961,
        29.797626495361328,
        33.37895965576172,
        36.04306411743164,
        38.910011291503906,
        42.613494873046875,
        46.3201789855957,
        48.695194244384766,
        52.46398162841797,
        53.946083068847656,
        57.356040954589844,
        60.45991897583008,
        61.44124221801758,
        64.48583221435547,
        66.61353302001953,
        70.75067901611328,
        74.05865478515625,
        79.33240509033203,
        88.88250732421875,
        94.94486236572266,
        102.26713562011719
      ],
      "peak_layer": 31,
      "peak_normalized": 4.519611568094324,
      "slab": [
        19,
        20,
        21,
        22,
        23,
        24,
        25,
        26,
        27,
        28,
        29,
        30,
        31
      ],
      "is_monotonic": true,
      "peak_depth_ratio": 1.0
    },
    "projection": {
      "peak_only": {
        "counts": {
          "denial": 14,
          "positive": 0,
          "negative": 0,
          "neutral": 0,
          "feeling": 0,
          "other": 0
        },
        "slab": [
          31
        ]
      },
      "extracted_slab": {
        "counts": {
          "denial": 14,
          "positive": 0,
          "negative": 0,
          "neutral": 0,
          "feeling": 0,
          "other": 0
        },
        "slab": [
          19,
          20,
          21,
          22,
          23,
          24,
          25,
          26,
          27,
          28,
          29,
          30,
          31
        ]
      }
    }
  },
  "frozen_ce_24": {
    "freeze_below": 24,
    "denial_counts": {
      "denial": 14,
      "positive": 0,
      "negative": 0,
      "neutral": 0,
      "feeling": 0,
      "other": 0
    },
    "direction": {
      "norms": [
        11.747872352600098,
        13.167624473571777,
        13.781072616577148,
        14.402454376220703,
        15.311598777770996,
        16.361501693725586,
        17.47494125366211,
        19.670122146606445,
        20.642169952392578,
        22.153867721557617,
        24.373319625854492,
        26.438093185424805,
        29.0947208404541,
        32.713253021240234,
        35.69493103027344,
        38.383846282958984,
        42.48387908935547,
        45.89426803588867,
        48.412696838378906,
        51.88451385498047,
        55.55051040649414,
        59.20726013183594,
        63.89177322387695,
        68.5446548461914,
        69.29051971435547,
        71.73042297363281,
        73.92520141601562,
        74.76432037353516,
        76.9119644165039,
        84.1812744140625,
        89.92662811279297,
        99.50700378417969
      ],
      "peak_layer": 31,
      "peak_normalized": 4.397629821959306,
      "slab": [
        19,
        20,
        21,
        22,
        23,
        24,
        25,
        26,
        27,
        28,
        29,
        30,
        31
      ],
      "is_monotonic": true,
      "peak_depth_ratio": 1.0
    },
    "projection": {
      "peak_only": {
        "counts": {
          "denial": 14,
          "positive": 0,
          "negative": 0,
          "neutral": 0,
          "feeling": 0,
          "other": 0
        },
        "slab": [
          31
        ]
      },
      "extracted_slab": {
        "counts": {
          "denial": 14,
          "positive": 0,
          "negative": 0,
          "neutral": 0,
          "feeling": 0,
          "other": 0
        },
        "slab": [
          19,
          20,
          21,
          22,
          23,
          24,
          25,
          26,
          27,
          28,
          29,
          30,
          31
        ]
      }
    }
  },
  "sft_dpo": {
    "sft_counts": {
      "denial": 14,
      "positive": 0,
      "negative": 0,
      "neutral": 0,
      "feeling": 0,
      "other": 0
    },
    "dpo_counts": {
      "denial": 10,
      "positive": 1,
      "negative": 0,
      "neutral": 1,
      "feeling": 0,
      "other": 2
    },
    "direction": {
      "norms": [
        7.637741565704346,
        8.286338806152344,
        8.453730583190918,
        8.468154907226562,
        8.697854042053223,
        8.832127571105957,
        9.156092643737793,
        9.247922897338867,
        9.75104808807373,
        9.793381690979004,
        10.044986724853516,
        9.980692863464355,
        10.594292640686035,
        11.003376960754395,
        11.381863594055176,
        12.582526206970215,
        13.026834487915039,
        13.721240043640137,
        14.212482452392578,
        15.009198188781738,
        16.00385856628418,
        17.405426025390625,
        19.862201690673828,
        21.46906280517578,
        24.020244598388672,
        26.246829986572266,
        29.640132904052734,
        31.949251174926758,
        35.67823791503906,
        41.03798294067383,
        45.500003814697266,
        50.1927490234375
      ],
      "peak_layer": 31,
      "peak_normalized": 2.2182270750541946,
      "slab": [
        25,
        26,
        27,
        28,
        29,
        30,
        31
      ],
      "is_monotonic": false,
      "peak_depth_ratio": 1.0
    },
    "projection": {
      "peak_only": {
        "counts": {
          "denial": 13,
          "positive": 0,
          "negative": 0,
          "neutral": 1,
          "feeling": 0,
          "other": 0
        },