{
  "kl_0.5": {
    "kl_weight": 0.5,
    "denial_counts": {
      "denial": 0,
      "positive": 4,
      "negative": 5,
      "neutral": 4,
      "feeling": 0,
      "other": 1
    },
    "weight_changes": {
      "L0": 7.878956636413932,
      "L1": 7.725868094712496,
      "L2": 7.387024763971567,
      "L3": 7.257463239133358,
      "L4": 7.539310222491622,
      "L5": 7.492125982418656,
      "L6": 7.638691204600036,
      "L7": 7.479910174384713,
      "L8": 7.5698341047391295,
      "L9": 7.717779438942671,
      "L10": 7.697639996185899,
      "L11": 7.972351050935686,
      "L12": 7.932640457525849,
      "L13": 8.128649014979601,
      "L14": 8.16974232532084,
      "L15": 8.354357684031129,
      "L16": 8.36142706591636,
      "L17": 8.456173868849874,
      "L18": 8.433059923350811,
      "L19": 8.591425908729434,
      "L20": 8.739200120791793,
      "L21": 8.730625987052917,
      "L22": 8.816632699221373,
      "L23": 8.92478890903294,
      "L24": 8.992304507642984,
      "L25": 9.158634785562754,
      "L26": 9.02727061510086,
      "L27": 9.152944518253207,
      "L28": 9.11351372487843,
      "L29": 9.172013303264976,
      "L30": 9.104059133678675,
      "L31": 8.956107575446367
    },
    "peak_change_layer": 29,
    "peak_change_depth": 0.9354838709677419,
    "weight_monotonic": false,
    "direction": {
      "norms": [
        8.181851387023926,
        10.206903457641602,
        11.563032150268555,
        12.690457344055176,
        13.7987642288208,
        14.141822814941406,
        15.658305168151855,
        17.05845832824707,
        17.81935691833496,
        19.245691299438477,
        20.892545700073242,
        21.865089416503906,
        23.474977493286133,
        25.65852165222168,
        27.43244743347168,
        29.51128387451172,
        32.268829345703125,
        35.27493667602539,
        36.92693328857422,
        39.3006477355957,
        41.394893646240234,
        43.696712493896484,
        46.70391845703125,
        50.22047805786133,
        54.243446350097656,
        56.72234344482422,
        60.08317565917969,
        62.508602142333984,
        65.45941162109375,
        69.36087799072266,
        70.99461364746094,
        72.05888366699219
      ],
      "peak_layer": 31,
      "peak_normalized": 3.18458283035392,
      "slab": [
        18,
        19,
        20,
        21,
        22,
        23,
        24,
        25,
        26,
        27,
        28,
        29,
        30,
        31
      ],
      "is_monotonic": true,
      "peak_depth_ratio": 1.0
    },
    "projection": {
      "peak_only": {
        "counts": {
          "denial": 0,
          "positive": 3,
          "negative": 6,
          "neutral": 1,
          "feeling": 2,
          "other": 2
        }
      },
      "extracted_slab": {
        "counts": {
          "denial": 0,
          "positive": 5,
          "negative": 3,
          "neutral": 2,
          "feeling": 2,
          "other": 2
        }
      }
    }
  },
  "kl_2.0": {
    "kl_weight": 2.0,
    "denial_counts": {
      "denial": 0,
      "positive": 3,
      "negative": 4,
      "neutral": 6,
      "feeling": 0,
      "other": 1
    },
    "weight_changes": {
      "L0": 7.727449502795935,
      "L1": 7.482639316469431,
      "L2": 7.1566704753786325,
      "L3": 7.028405167162418,
      "L4": 7.313823375850916,
      "L5": 7.22643805295229,
      "L6": 7.3664411874488,
      "L7": 7.1969749089330435,
      "L8": 7.277959699742496,
      "L9": 7.389483537524939,
      "L10": 7.367347223684192,
      "L11": 7.5703370198607445,
      "L12": 7.56024919077754,
      "L13": 7.656667580828071,
      "L14": 7.7134385742247105,
      "L15": 7.788246882148087,
      "L16": 7.833219608291984,
      "L17": 7.886323384009302,
      "L18": 7.870011607185006,
      "L19": 7.974773729220033,
      "L20": 8.148664943873882,
      "L21": 8.087493171915412,
      "L22": 8.198485095053911,
      "L23": 8.199643671512604,
      "L24": 8.297596730291843,
      "L25": 8.421477053314447,
      "L26": 8.311013570055366,
      "L27": 8.391449520364404,
      "L28": 8.446434080600739,
      "L29": 8.441500175744295,
      "L30": 8.397407172247767,
      "L31": 8.291361439973116
    },
    "peak_change_layer": 28,
    "peak_change_depth": 0.9032258064516129,
    "weight_monotonic": false,
    "direction": {
      "norms": [
        8.69157886505127,
        10.86898136138916,
        12.488936424255371,
        13.78604793548584,
        15.217740058898926,
        15.788902282714844,
        17.388442993164062,
        18.728111267089844,
        19.37860679626465,
        20.651670455932617,
        22.845914840698242,
        23.987384796142578,
        25.77617835998535,
        28.202993392944336,
        30.36800765991211,
        32.38823699951172,
        35.35968017578125,
        38.35737609863281,
        40.13456344604492,
        43.027748107910156,
        45.773292541503906,
        47.87649917602539,
        51.32051467895508,
        55.19158935546875,
        59.420047760009766,
        63.046024322509766,
        66.22611236572266,
        68.49273681640625,
        71.04585266113281,
        74.91845703125,
        76.36211395263672,
        77.27670288085938
      ],
      "peak_layer": 31,
      "peak_normalized": 3.4151800396746044,
      "slab": [
        18,
        19,
        20,
        21,
        22,
        23,
        24,
        25,
        26,
        27,
        28,
        29,
        30,
        31
      ],
      "is_monotonic": true,
      "peak_depth_ratio": 1.0
    },
    "projection": {
      "peak_only": {
        "counts": {
          "denial": 2,
          "positive": 4,
          "negative": 2,
          "neutral": 1,
          "feeling": 2,
          "other": 3
        }
      },
      "extracted_slab": {
        "counts": {
          "denial": 1,
          "positive": 3,
          "negative": 3,
          "neutral": 4,
          "feeling": 0,
          "other": 3
        }
      }
    }
  },
  "kl_5.0": {
    "kl_weight": 5.0,
    "denial_counts": {
      "denial": 0,
      "positive": 4,
      "negative": 4,
      "neutral": 5,
      "feeling": 0,
      "other": 1
    },
    "weight_changes": {
      "L0": 7.686308186501265,
      "L1": 7.418651632964611,
      "L2": 7.083796087652445,
      "L3": 6.94191880710423,
      "L4": 7.1998509634286165,
      "L5": 7.10325114056468,
      "L6": 7.245618345215917,
      "L7": 7.0839680610224605,
      "L8": 7.140179445967078,
      "L9": 7.221289343200624,
      "L10": 7.213592754676938,
      "L11": 7.42613660171628,
      "L12": 7.4054240714758635,
      "L13": 7.493507124483585,
      "L14": 7.501705574803054,
      "L15": 7.534477944485843,
      "L16": 7.60192845761776,
      "L17": 7.652244652621448,
      "L18": 7.619960023090243,
      "L19": 7.704402642324567,
      "L20": 7.832948088645935,
      "L21": 7.7654730938375,
      "L22": 7.846167655661702,
      "L23": 7.806189199909568,
      "L24": 7.94048379175365,
      "L25": 7.9843049589544535,
      "L26": 7.910659521818161,
      "L27": 7.9592098239809275,
      "L28": 7.970119120553136,
      "L29": 7.982212709262967,
      "L30": 7.9819111581891775,
      "L31": 7.901933873072267
    },
    "peak_change_layer": 25,
    "peak_change_depth": 0.8064516129032258,
    "weight_monotonic": false,